acr,0,0.0218,0.0209,0.02165,8.642000000000001,2026-03-15T23:57:56Z
amr,0,0.01035,0.01535,0.01375,4.676,2026-03-15T23:57:56Z
bba,0,0.04495,0.0337,0.0304,16.497999999999998,2026-03-15T23:57:56Z
bed,0,0.03205,0.03185,0.0297,12.71,2026-03-15T23:57:56Z
bmj,0,0.02375,0.02365,0.0239,9.498000000000001,2026-03-15T23:57:56Z
bwv,0,0.0052,0.00685,0.00735,2.2980000000000005,2026-03-15T23:57:56Z
bzl,0,0.0358,0.04415,0.0392,15.123999999999999,2026-03-15T23:57:56Z
cmo,0,0.01015,0.0101,0.0125,4.1499999999999995,2026-03-15T23:57:56Z
dit,0,0.0183,0.02245,0.02815,8.046,2026-03-15T23:57:56Z
dks,0,0.03255,0.03755,0.0388,13.670000000000002,2026-03-15T23:57:56Z
evy,0,0.0216,0.01425,0.01505,7.79,2026-03-15T23:57:56Z
fte,0,0.0494,0.04545,0.044,19.227999999999998,2026-03-15T23:57:56Z
gyw,0,0.0214,0.01545,0.0145,7.808000000000001,2026-03-15T23:57:56Z
lbm,0,0.029,0.04025,0.04225,13.030000000000001,2026-03-15T23:57:56Z
mds,0,0.01155,0.01345,0.0106,4.733999999999999,2026-03-15T23:57:56Z
mgc,0,0.0039,0.00765,0.00915,2.07,2026-03-15T23:57:56Z
mpd,0,0.03475,0.0314,0.02635,13.296000000000001,2026-03-15T23:57:56Z
msz,0,0.02505,0.02215,0.02365,9.732000000000001,2026-03-15T23:57:56Z
mvi,0,0.0161,0.01455,0.01535,6.286,2026-03-15T23:57:56Z
ngn,0,0.017,0.01725,0.01925,6.91,2026-03-15T23:57:56Z
njs,0,0.01005,0.01475,0.0135,4.534,2026-03-15T23:57:56Z
nrh,0,0.0256,0.02245,0.02665,10.03,2026-03-15T23:57:56Z
nsj,0,0.0485,0.0339,0.03058333333333333,17.515333333333334,2026-03-15T23:57:56Z
oag,0,0.03005,0.0373,0.0362,12.846000000000002,2026-03-15T23:57:56Z
okz,0,0.0106,0.0071,0.0122,4.024,2026-03-15T23:57:56Z
owi,0,0.02135,0.01555,0.0174,7.917999999999999,2026-03-15T23:57:56Z
owy,0,0.02225,0.0202,0.0185,8.585999999999999,2026-03-15T23:57:56Z
oxv,0,0.01955,0.0216,0.0199,7.997999999999999,2026-03-15T23:57:56Z
pdt,0,0.03295,0.0315,0.02945,12.923999999999998,2026-03-15T23:57:56Z
pks,0,0.03035,0.04005,0.0421,13.386,2026-03-15T23:57:56Z
pwo,0,0.046,0.0528,0.05088333333333333,19.139333333333333,2026-03-15T23:57:56Z
pzg,0,0.02935,0.0219,0.0201,10.774000000000001,2026-03-15T23:57:56Z
qti,0,0.04105,0.03745,0.03983333333333333,16.083333333333332,2026-03-15T23:57:56Z
rfv,0,0.019,0.02135,0.0211,7.872000000000002,2026-03-15T23:57:56Z
ukk,0,0.04195,0.0402,0.03595,16.4,2026-03-15T23:57:56Z
uzd,0,0.02,0.02495,0.02385,8.55,2026-03-15T23:57:56Z
vmz,0,0.00905,0.0105,0.0077,3.6820000000000004,2026-03-15T23:57:56Z
xbz,0,0.0269,0.02585,0.02855,10.742,2026-03-15T23:57:56Z
xfi,0,0.031,0.0279,0.0286,12.056000000000001,2026-03-15T23:57:56Z
xym,0,0.0198,0.0243,0.0314,8.744,2026-03-15T23:57:56Z
acr,0,0.0204,0.0218,0.02105,8.298000000000002,2026-03-17T17:08:33Z
amr,0,0.0118,0.01375,0.01245,4.901999999999999,2026-03-17T17:08:33Z
bba,0,0.0418,0.0379,0.0366,16.2,2026-03-17T17:08:33Z
bed,0,0.0286,0.03375,0.0353,12.12,2026-03-17T17:08:33Z
bmj,0,0.0195,0.023,0.02655,8.362,2026-03-17T17:08:33Z
bwv,0,0.006,0.0057,0.0073,2.428,2026-03-17T17:08:33Z
bzl,0,0.03535,0.03885,0.0427,14.714,2026-03-17T17:08:33Z
cmo,0,0.0102,0.0119,0.01045,4.226,2026-03-17T17:08:33Z
dit,0,0.0175,0.02565,0.02735,8.046,2026-03-17T17:08:33Z
dks,0,0.0346,0.043,0.0414,14.783999999999999,2026-03-17T17:08:33Z
evy,0,0.0195,0.01465,0.0152,7.24,2026-03-17T17:08:33Z
fte,0,0.0487,0.0462,0.042,19.011999999999997,2026-03-17T17:08:33Z
gyw,0,0.0205,0.0152,0.0136,7.500000000000001,2026-03-17T17:08:33Z
lbm,0,0.02945,0.03965,0.0428,13.129999999999999,2026-03-17T17:08:33Z
mds,0,0.0112,0.0126,0.01315,4.67,2026-03-17T17:08:33Z
mgc,0,0.0044,0.00595,0.00805,2.0300000000000002,2026-03-17T17:08:33Z
mpd,0,0.03415,0.02635,0.0265,12.729999999999999,2026-03-17T17:08:33Z
msz,0,0.02535,0.02345,0.0254,9.99,2026-03-17T17:08:33Z
mvi,0,0.0144,0.0177,0.01495,6.045999999999999,2026-03-17T17:08:33Z
ngn,0,0.0167,0.01585,0.01875,6.694,2026-03-17T17:08:33Z
njs,0,0.0094,0.0158,0.0135,4.436,2026-03-17T17:08:33Z
nrh,0,0.02815,0.0244,0.0256,10.858,2026-03-17T17:08:33Z
nsj,0,0.04725,0.03625,0.03195,17.407999999999998,2026-03-17T17:08:33Z
oag,0,0.026950000000000002,0.0353,0.0369,11.845999999999998,2026-03-17T17:08:33Z
okz,0,0.01,0.0093,0.0119,4.0200000000000005,2026-03-17T17:08:33Z
owi,0,0.0225,0.01615,0.0156,8.216,2026-03-17T17:08:33Z
owy,0,0.0245,0.0214,0.01875,9.322000000000001,2026-03-17T17:08:33Z
oxv,0,0.0202,0.0194,0.0209,8.044,2026-03-17T17:08:33Z
pdt,0,0.02865,0.0308,0.02965,11.672,2026-03-17T17:08:33Z
pks,0,0.0307,0.0378,0.04205,13.301999999999998,2026-03-17T17:08:33Z
pwo,0,0.0482,0.0522,0.04095,19.31,2026-03-17T17:08:33Z
pzg,0,0.0291,0.02345,0.01925,10.793999999999999,2026-03-17T17:08:33Z
qti,0,0.0419,0.03705,0.03645,16.154,2026-03-17T17:08:33Z
rfv,0,0.0211,0.0207,0.0225,8.463999999999999,2026-03-17T17:08:33Z
ukk,0,0.0439,0.03965,0.04245,17.162,2026-03-17T17:08:33Z
uzd,0,0.02415,0.02165,0.0197,9.282,2026-03-17T17:08:33Z
vmz,0,0.0124,0.00725,0.00885,4.406,2026-03-17T17:08:33Z
xbz,0,0.0318,0.02625,0.02405,11.966000000000001,2026-03-17T17:08:33Z
xfi,0,0.02805,0.0255,0.0291,11.058,2026-03-17T17:08:33Z
xym,0,0.021,0.0268,0.02835,9.158000000000001,2026-03-17T17:08:33Z
acr,0,0.02175,0.01955,0.02115,8.5,2026-03-17T17:18:32Z
amr,0,0.0117,0.01245,0.01465,4.8580000000000005,2026-03-17T17:18:32Z
bba,0,0.0406,0.0367,0.03665,15.770000000000001,2026-03-17T17:18:32Z
bed,0,0.03105,0.03435,0.03,12.642000000000003,2026-03-17T17:18:32Z
bmj,0,0.01835,0.02385,0.0258,8.078,2026-03-17T17:18:32Z
bwv,0,0.00585,0.00475,0.00805,2.3400000000000003,2026-03-17T17:18:32Z
bzl,0,0.0372,0.04275,0.04085,15.469999999999999,2026-03-17T17:18:32Z
cmo,0,0.01195,0.01115,0.01165,4.704000000000001,2026-03-17T17:18:32Z
dit,0,0.0148,0.023083333333333334,0.025433333333333336,7.008,2026-03-17T17:18:32Z
dks,0,0.0344,0.0387,0.0433,14.46,2026-03-17T17:18:32Z
evy,0,0.02195,0.0152,0.0148,7.954000000000001,2026-03-17T17:18:32Z
fte,0,0.049,0.0484,0.0413,19.244,2026-03-17T17:18:32Z
gyw,0,0.0214,0.01565,0.01495,7.841999999999999,2026-03-17T17:18:32Z
lbm,0,0.02985,0.0381,0.045,13.206,2026-03-17T17:18:32Z
mds,0,0.0105,0.01165,0.01235,4.3660000000000005,2026-03-17T17:18:32Z
mgc,0,0.0048,0.00715,0.0099,2.312,2026-03-17T17:18:32Z
mpd,0,0.03625,0.02615,0.0278,13.354,2026-03-17T17:18:32Z
msz,0,0.02335,0.023883333333333333,0.023933333333333334,9.406,2026-03-17T17:18:32Z
mvi,0,0.0152,0.01475,0.0152,6.044,2026-03-17T17:18:32Z
ngn,0,0.01495,0.01625,0.02,6.286,2026-03-17T17:18:32Z
njs,0,0.01015,0.01365,0.0141,4.498,2026-03-17T17:18:32Z
nrh,0,0.02655,0.0255,0.0247,10.462,2026-03-17T17:18:32Z
nsj,0,0.0463,0.0371,0.0313,17.183999999999997,2026-03-17T17:18:32Z
oag,0,0.03015,0.0372,0.03395,12.775999999999998,2026-03-17T17:18:32Z
okz,0,0.0121,0.0103,0.01025,4.622,2026-03-17T17:18:32Z
owi,0,0.0179,0.01785,0.01715,7.126,2026-03-17T17:18:32Z
owy,0,0.02455,0.02165,0.0166,9.27,2026-03-17T17:18:32Z
oxv,0,0.0187,0.0221,0.019,7.764000000000001,2026-03-17T17:18:32Z
pdt,0,0.0314,0.02915,0.0309,12.36,2026-03-17T17:18:32Z
pks,0,0.02985,0.038,0.03965,12.984000000000002,2026-03-17T17:18:32Z
pwo,0,0.04925,0.0536,0.0428,19.79,2026-03-17T17:18:32Z
pzg,0,0.02865,0.02605,0.01965,10.892,2026-03-17T17:18:32Z
qti,0,0.0424,0.0344,0.04095,16.262,2026-03-17T17:18:32Z
rfv,0,0.0213,0.02015,0.01885,8.33,2026-03-17T17:18:32Z
ukk,0,0.04455,0.041133333333333334,0.03923333333333333,17.334,2026-03-17T17:18:32Z
uzd,0,0.02065,0.02275,0.0238,8.553999999999998,2026-03-17T17:18:32Z
vmz,0,0.01065,0.0073,0.00775,3.8760000000000003,2026-03-17T17:18:32Z
xbz,0,0.03095,0.02505,0.02485,11.663999999999998,2026-03-17T17:18:32Z
xfi,0,0.03105,0.0291,0.03015,12.228000000000002,2026-03-17T17:18:32Z
xym,0,0.018,0.02345,0.0316,8.18,2026-03-17T17:18:32Z
acr,0,0.0203,0.0186,0.0209,8.008000000000001,2026-03-17T17:29:09Z
amr,0,0.0113,0.01405,0.0128,4.8,2026-03-17T17:29:09Z
bba,0,0.0436,0.03555,0.03415,16.418000000000003,2026-03-17T17:29:09Z
bed,0,0.0286,0.03145,0.03285,11.838,2026-03-17T17:29:09Z
bmj,0,0.0215,0.0256,0.0266,9.132,2026-03-17T17:29:09Z
bwv,0,0.00615,0.00675,0.0071,2.546,2026-03-17T17:29:09Z
bzl,0,0.04285,0.0441,0.0422,17.214,2026-03-17T17:29:09Z
cmo,0,0.01065,0.0096,0.01095,4.188,2026-03-17T17:29:09Z
dit,0,0.017,0.02535,0.0274,7.884000000000001,2026-03-17T17:29:09Z
dks,0,0.03473333333333333,0.04033333333333333,0.04578333333333333,14.783333333333333,2026-03-17T17:29:09Z
evy,0,0.01885,0.01145,0.0134,6.7299999999999995,2026-03-17T17:29:09Z
fte,0,0.04508333333333333,0.04703333333333333,0.04343333333333333,18.12333333333333,2026-03-17T17:29:09Z
gyw,0,0.02105,0.0146,0.0138,7.614,2026-03-17T17:29:09Z
lbm,0,0.03075,0.0399,0.04125,13.452,2026-03-17T17:29:09Z
mds,0,0.01055,0.011,0.0115,4.294,2026-03-17T17:29:09Z
mgc,0,0.0046,0.00965,0.00945,2.438,2026-03-17T17:29:09Z
mpd,0,0.0329,0.0269,0.023,12.284000000000002,2026-03-17T17:29:09Z
msz,0,0.0286,0.0223,0.02505,10.793999999999999,2026-03-17T17:29:09Z
mvi,0,0.0147,0.01465,0.01715,5.973999999999999,2026-03-17T17:29:09Z
ngn,0,0.0158,0.01785,0.01735,6.546000000000001,2026-03-17T17:29:09Z
njs,0,0.00955,0.0149,0.01325,4.395999999999999,2026-03-17T17:29:09Z
nrh,0,0.024,0.0253,0.0236,9.688,2026-03-17T17:29:09Z
nsj,0,0.049,0.0404,0.03055,18.174,2026-03-17T17:29:09Z
oag,0,0.03045,0.03855,0.0352,13.018,2026-03-17T17:29:09Z
okz,0,0.0092,0.0084,0.01195,3.726,2026-03-17T17:29:09Z
owi,0,0.0221,0.01655,0.0165,8.171999999999999,2026-03-17T17:29:09Z
owy,0,0.02435,0.0196,0.017,9.066,2026-03-17T17:29:09Z
oxv,0,0.0187,0.02225,0.0178,7.728000000000001,2026-03-17T17:29:09Z
pdt,0,0.02805,0.03385,0.0339,11.918,2026-03-17T17:29:09Z
pks,0,0.03153333333333333,0.03543333333333333,0.04278333333333333,13.375333333333332,2026-03-17T17:29:09Z
pwo,0,0.04795,0.049,0.04505,19.148,2026-03-17T17:29:09Z
pzg,0,0.0273,0.02105,0.0203,10.14,2026-03-17T17:29:09Z
qti,0,0.0387,0.03645,0.035,15.152000000000001,2026-03-17T17:29:09Z
rfv,0,0.0173,0.02105,0.02025,7.338,2026-03-17T17:29:09Z
ukk,0,0.04515,0.0404,0.0424,17.57,2026-03-17T17:29:09Z
uzd,0,0.0219,0.0209,0.02105,8.646,2026-03-17T17:29:09Z
vmz,0,0.01045,0.00935,0.0075,3.9739999999999998,2026-03-17T17:29:09Z
xbz,0,0.02965,0.026950000000000002,0.0311,11.701999999999998,2026-03-17T17:29:09Z
xfi,0,0.03305,0.0286,0.0298,12.734000000000002,2026-03-17T17:29:09Z
xym,0,0.02205,0.0243,0.0289,9.274000000000001,2026-03-17T17:29:09Z
acr,0,0.02035,0.0185,0.02285,8.092,2026-03-17T17:38:54Z
amr,0,0.01155,0.0134,0.01365,4.851999999999999,2026-03-17T17:38:54Z
bba,0,0.04275,0.0387,0.03065,16.292,2026-03-17T17:38:54Z
bed,0,0.03305,0.0298,0.0328,12.950000000000001,2026-03-17T17:38:54Z
bmj,0,0.01965,0.02475,0.0244,8.458,2026-03-17T17:38:54Z
bwv,0,0.00555,0.00645,0.00625,2.3200000000000003,2026-03-17T17:38:54Z
bzl,0,0.0409,0.0437,0.04195,16.626,2026-03-17T17:38:54Z
cmo,0,0.0103,0.011283333333333333,0.012683333333333333,4.2940000000000005,2026-03-17T17:38:54Z
dit,0,0.0155,0.02845,0.02755,7.717999999999999,2026-03-17T17:38:54Z
dks,0,0.0325,0.0392,0.04785,14.15,2026-03-17T17:38:54Z
evy,0,0.02055,0.01435,0.01425,7.4719999999999995,2026-03-17T17:38:54Z
fte,0,0.0457,0.0457,0.04105,18.093999999999998,2026-03-17T17:38:54Z
gyw,0,0.01955,0.0149,0.0142,7.233999999999999,2026-03-17T17:38:54Z
lbm,0,0.03125,0.0374,0.04025,13.352,2026-03-17T17:38:54Z
mds,0,0.0104,0.0132,0.0118,4.44,2026-03-17T17:38:54Z
mgc,0,0.005,0.0061,0.0087,2.236,2026-03-17T17:38:54Z
mpd,0,0.03285,0.0258,0.027,12.341999999999999,2026-03-17T17:38:54Z
msz,0,0.02665,0.02075,0.02445,10.1,2026-03-17T17:38:54Z
mvi,0,0.0151,0.01565,0.0135,6.020000000000001,2026-03-17T17:38:54Z
ngn,0,0.0152,0.01655,0.0201,6.3839999999999995,2026-03-17T17:38:54Z
njs,0,0.01055,0.01295,0.01335,4.524,2026-03-17T17:38:54Z
nrh,0,0.02645,0.0251,0.02405,10.376000000000001,2026-03-17T17:38:54Z
nsj,0,0.05075,0.04075,0.0339,18.826,2026-03-17T17:38:54Z
oag,0,0.0304,0.04055,0.0338,13.108,2026-03-17T17:38:54Z
okz,0,0.0111,0.01025,0.0116,4.392,2026-03-17T17:38:54Z
owi,0,0.0238,0.01555,0.01775,8.618,2026-03-17T17:38:54Z
owy,0,0.02465,0.01885,0.01805,9.132,2026-03-17T17:38:54Z
oxv,0,0.02095,0.0213,0.01745,8.268,2026-03-17T17:38:54Z
pdt,0,0.0339,0.0316,0.03125,13.27,2026-03-17T17:38:54Z
pks,0,0.03045,0.03425,0.0429,12.982,2026-03-17T17:38:54Z
pwo,0,0.04805,0.0532,0.04675,19.580000000000002,2026-03-17T17:38:54Z
pzg,0,0.0284,0.02225,0.02,10.532000000000002,2026-03-17T17:38:54Z
qti,0,0.04095,0.03925,0.03965,16.192,2026-03-17T17:38:54Z
rfv,0,0.01545,0.021,0.02035,6.82,2026-03-17T17:38:54Z
ukk,0,0.0405,0.03808333333333333,0.03743333333333333,15.884,2026-03-17T17:38:54Z
uzd,0,0.0218,0.02085,0.02385,8.726,2026-03-17T17:38:54Z
vmz,0,0.01085,0.00945,0.0071,4.078,2026-03-17T17:38:54Z
xbz,0,0.02955,0.02735,0.02935,11.636,2026-03-17T17:38:54Z
xfi,0,0.02845,0.027733333333333332,0.026633333333333332,11.25,2026-03-17T17:38:54Z
xym,0,0.01865,0.02505,0.02885,8.38,2026-03-17T17:38:54Z
acr,0,0.02205,0.02195,0.02215,8.815999999999999,2026-03-17T17:49:02Z
amr,0,0.0091,0.01375,0.0119,4.124,2026-03-17T17:49:02Z
bba,0,0.0444,0.0372,0.03535,16.822,2026-03-17T17:49:02Z
bed,0,0.02855,0.03545,0.03295,12.148,2026-03-17T17:49:02Z
bmj,0,0.01875,0.0236,0.023833333333333335,8.091333333333333,2026-03-17T17:49:02Z
bwv,0,0.0064,0.00635,0.0071,2.5839999999999996,2026-03-17T17:49:02Z
bzl,0,0.03665,0.0438,0.0385,15.306,2026-03-17T17:49:02Z
cmo,0,0.0106,0.01,0.011783333333333333,4.239333333333334,2026-03-17T17:49:02Z
dit,0,0.01735,0.02565,0.02838333333333333,8.045333333333334,2026-03-17T17:49:02Z
dks,0,0.03695,0.0408,0.0438,15.362,2026-03-17T17:49:02Z
evy,0,0.0219,0.01335,0.012633333333333333,7.705333333333333,2026-03-17T17:49:02Z
fte,0,0.0414,0.04435,0.0444,16.916,2026-03-17T17:49:02Z
gyw,0,0.0187,0.01535,0.0145,7.044000000000001,2026-03-17T17:49:02Z
lbm,0,0.02975,0.03825,0.0449,13.186,2026-03-17T17:49:02Z
mds,0,0.0113,0.01155,0.0131,4.611999999999999,2026-03-17T17:49:02Z
mgc,0,0.0042,0.0082,0.01005,2.234,2026-03-17T17:49:02Z
mpd,0,0.0344,0.0275,0.0242,12.8,2026-03-17T17:49:02Z
msz,0,0.0271,0.0244,0.023983333333333336,10.499333333333334,2026-03-17T17:49:02Z
mvi,0,0.0171,0.01545,0.01595,6.662,2026-03-17T17:49:02Z
ngn,0,0.01775,0.01645,0.0172,6.973999999999999,2026-03-17T17:49:02Z
njs,0,0.0109,0.0137,0.0141,4.712000000000001,2026-03-17T17:49:02Z
nrh,0,0.0264,0.023433333333333334,0.02733333333333333,10.36,2026-03-17T17:49:02Z
nsj,0,0.0496,0.0389,0.0318,18.272,2026-03-17T17:49:02Z
oag,0,0.03105,0.03588333333333333,0.03473333333333333,12.954,2026-03-17T17:49:02Z
okz,0,0.0108,0.0095,0.01295,4.3020000000000005,2026-03-17T17:49:02Z
owi,0,0.02,0.01685,0.0146,7.532000000000001,2026-03-17T17:49:02Z
owy,0,0.026,0.018983333333333335,0.019633333333333336,9.584,2026-03-17T17:49:02Z
oxv,0,0.0215,0.02095,0.0194,8.472,2026-03-17T17:49:02Z
pdt,0,0.0303,0.03035,0.03395,12.27,2026-03-17T17:49:02Z
pks,0,0.0328,0.03485,0.04075,13.602,2026-03-17T17:49:02Z
pwo,0,0.0467,0.04675,0.04268333333333333,18.523333333333333,2026-03-17T17:49:02Z
pzg,0,0.02615,0.021,0.01905,9.764000000000001,2026-03-17T17:49:02Z
qti,0,0.0413,0.03845,0.0373,16.131999999999998,2026-03-17T17:49:02Z
rfv,0,0.0184,0.02505,0.02105,7.998000000000001,2026-03-17T17:49:02Z
ukk,0,0.0436,0.03745,0.0404,16.82,2026-03-17T17:49:02Z
uzd,0,0.02035,0.0235,0.02195,8.456,2026-03-17T17:49:02Z
vmz,0,0.01195,0.00965,0.00805,4.44,2026-03-17T17:49:02Z
xbz,0,0.0301,0.02705,0.0254,11.607999999999999,2026-03-17T17:49:02Z
xfi,0,0.029,0.02675,0.02825,11.39,2026-03-17T17:49:02Z
xym,0,0.0187,0.02755,0.02995,8.638000000000002,2026-03-17T17:49:02Z
acr,0,0.01855,0.02035,0.0213,7.673999999999999,2026-03-17T17:59:20Z
amr,0,0.0109,0.01265,0.01385,4.618,2026-03-17T17:59:20Z
bba,0,0.04625,0.0382,0.0325,17.305999999999997,2026-03-17T17:59:20Z
bed,0,0.0288,0.0316,0.0297,11.780000000000001,2026-03-17T17:59:20Z
bmj,0,0.02185,0.0257,0.0256,9.198,2026-03-17T17:59:20Z
bwv,0,0.0055,0.0062,0.0067,2.304,2026-03-17T17:59:20Z
bzl,0,0.0358,0.0395,0.0427,14.892000000000001,2026-03-17T17:59:20Z
cmo,0,0.01025,0.0109,0.0115,4.202,2026-03-17T17:59:20Z
dit,0,0.0145,0.023,0.0261,6.944000000000001,2026-03-17T17:59:20Z
dks,0,0.03565,0.039,0.0413,14.754000000000001,2026-03-17T17:59:20Z
evy,0,0.0222,0.0155,0.01265,7.962,2026-03-17T17:59:20Z
fte,0,0.04625,0.04425,0.04285,18.204,2026-03-17T17:59:20Z
gyw,0,0.0221,0.0162,0.0149,8.08,2026-03-17T17:59:20Z
lbm,0,0.0281,0.03985,0.0369,12.531999999999998,2026-03-17T17:59:20Z
mds,0,0.01095,0.01485,0.0136,4.798,2026-03-17T17:59:20Z
mgc,0,0.0056,0.00755,0.0073,2.464,2026-03-17T17:59:20Z
mpd,0,0.0332,0.0254,0.0263,12.379999999999999,2026-03-17T17:59:20Z
msz,0,0.0264,0.0233,0.0251,10.26,2026-03-17T17:59:20Z
mvi,0,0.0172,0.0173,0.01705,6.882000000000001,2026-03-17T17:59:20Z
ngn,0,0.0168,0.0147,0.01855,6.622,2026-03-17T17:59:20Z
njs,0,0.0091,0.01425,0.0132,4.216,2026-03-17T17:59:20Z
nrh,0,0.0257,0.0265,0.02355,10.258000000000001,2026-03-17T17:59:20Z
nsj,0,0.04915,0.0396,0.0318,18.201999999999998,2026-03-17T17:59:20Z
oag,0,0.03155,0.03265,0.03485,12.84,2026-03-17T17:59:20Z
okz,0,0.0103,0.01115,0.01045,4.194,2026-03-17T17:59:20Z
owi,0,0.02045,0.0148,0.01725,7.6,2026-03-17T17:59:20Z
owy,0,0.02365,0.02085,0.01795,9.008,2026-03-17T17:59:20Z
oxv,0,0.02035,0.0195,0.0225,8.158,2026-03-17T17:59:20Z
pdt,0,0.0329,0.0317,0.0326,13.052000000000001,2026-03-17T17:59:20Z
pks,0,0.03145,0.03565,0.0432,13.386,2026-03-17T17:59:20Z
pwo,0,0.0466,0.0495,0.04635,18.862000000000002,2026-03-17T17:59:20Z
pzg,0,0.0285,0.0219,0.01915,10.498000000000001,2026-03-17T17:59:20Z
qti,0,0.04325,0.04265,0.0381,17.046,2026-03-17T17:59:20Z
rfv,0,0.0195,0.02295,0.0225,8.196,2026-03-17T17:59:20Z
ukk,0,0.04135,0.0375,0.03855,16.12,2026-03-17T17:59:20Z
uzd,0,0.0255,0.0248,0.0234,10.06,2026-03-17T17:59:20Z
vmz,0,0.0122,0.0088,0.00875,4.470000000000001,2026-03-17T17:59:20Z
xbz,0,0.02625,0.02655,0.0246,10.458,2026-03-17T17:59:20Z
xfi,0,0.0283,0.02575,0.03035,11.197999999999999,2026-03-17T17:59:20Z
xym,0,0.0171,0.026950000000000002,0.03445,8.322000000000001,2026-03-17T17:59:20Z
acr,0,0.0203,0.02145,0.01945,8.177999999999999,2026-03-17T18:08:46Z
amr,0,0.0122,0.0129,0.01225,4.938000000000001,2026-03-17T18:08:46Z
bba,0,0.0446,0.03655,0.0339,16.768,2026-03-17T18:08:46Z
bed,0,0.0309,0.03215,0.0345,12.603999999999997,2026-03-17T18:08:46Z
bmj,0,0.0217,0.02315,0.0262,8.976,2026-03-17T18:08:46Z
bwv,0,0.0061,0.00635,0.007,2.496,2026-03-17T18:08:46Z
bzl,0,0.03585,0.043,0.042,15.157999999999998,2026-03-17T18:08:46Z
cmo,0,0.0104,0.0111,0.01055,4.222,2026-03-17T18:08:46Z
dit,0,0.01455,0.02635,0.0295,7.362,2026-03-17T18:08:46Z
dks,0,0.03355,0.0381,0.04615,14.288000000000004,2026-03-17T18:08:46Z
evy,0,0.0204,0.0159,0.01155,7.446000000000001,2026-03-17T18:08:46Z
fte,0,0.0472,0.0464,0.04235,18.622,2026-03-17T18:08:46Z
gyw,0,0.02145,0.0156,0.01475,7.843999999999999,2026-03-17T18:08:46Z
lbm,0,0.0317,0.0391,0.04043333333333333,13.621333333333332,2026-03-17T18:08:46Z
mds,0,0.0116,0.0129,0.01065,4.706,2026-03-17T18:08:46Z
mgc,0,0.00365,0.00745,0.0108,2.0500000000000003,2026-03-17T18:08:46Z
mpd,0,0.0303,0.02795,0.0258,11.752,2026-03-17T18:08:46Z
msz,0,0.025,0.025,0.02385,9.954000000000002,2026-03-17T18:08:46Z
mvi,0,0.0159,0.0142,0.01395,6.146000000000001,2026-03-17T18:08:46Z
ngn,0,0.01565,0.0183,0.01885,6.6000000000000005,2026-03-17T18:08:46Z
njs,0,0.011,0.013133333333333334,0.013333333333333334,4.664000000000001,2026-03-17T18:08:46Z
nrh,0,0.0254,0.0249,0.02595,10.141999999999998,2026-03-17T18:08:46Z
nsj,0,0.04665,0.04045,0.03215,17.584,2026-03-17T18:08:46Z
oag,0,0.0287,0.03683333333333333,0.035416666666666666,12.399333333333331,2026-03-17T18:08:46Z
okz,0,0.0082,0.01055,0.01155,3.6020000000000008,2026-03-17T18:08:46Z
owi,0,0.02255,0.015,0.01645,8.171999999999999,2026-03-17T18:08:46Z
owy,0,0.02415,0.02015,0.0178,9.086,2026-03-17T18:08:46Z
oxv,0,0.0191,0.0203,0.0199,7.767999999999999,2026-03-17T18:08:46Z
pdt,0,0.03255,0.0272,0.03133333333333333,12.543333333333333,2026-03-17T18:08:46Z
pks,0,0.0326,0.03545,0.04143333333333333,13.621333333333332,2026-03-17T18:08:46Z
pwo,0,0.04725,0.05285,0.0506,19.482,2026-03-17T18:08:46Z
pzg,0,0.0276,0.0209,0.0216,10.264,2026-03-17T18:08:46Z
qti,0,0.0418,0.0378,0.03695,16.206,2026-03-17T18:08:46Z
rfv,0,0.0192,0.02025,0.02175,7.866,2026-03-17T18:08:46Z
ukk,0,0.0465,0.0405,0.037733333333333334,17.769333333333336,2026-03-17T18:08:46Z
uzd,0,0.0221,0.0232,0.0209,8.88,2026-03-17T18:08:46Z
vmz,0,0.013,0.00915,0.00635,4.6259999999999994,2026-03-17T18:08:46Z
xbz,0,0.03225,0.02578333333333333,0.02781666666666667,12.205333333333332,2026-03-17T18:08:46Z
xfi,0,0.02985,0.02595,0.02485,11.428,2026-03-17T18:08:46Z
xym,0,0.01655,0.02575,0.03165,7.960000000000001,2026-03-17T18:08:46Z
acr,0,0.0207,0.0239,0.021433333333333335,8.565333333333333,2026-03-17T18:18:49Z
amr,0,0.0114,0.01335,0.01355,4.8020000000000005,2026-03-17T18:18:49Z
bba,0,0.04545,0.0393,0.03235,17.163999999999998,2026-03-17T18:18:49Z
bed,0,0.0342,0.0279,0.02825,12.938,2026-03-17T18:18:49Z
bmj,0,0.0206,0.0253,0.0264,8.848,2026-03-17T18:18:49Z
bwv,0,0.0059,0.0065,0.007,2.452,2026-03-17T18:18:49Z
bzl,0,0.0385,0.0427,0.0401,15.8,2026-03-17T18:18:49Z
cmo,0,0.0085,0.0093,0.01285,3.638,2026-03-17T18:18:49Z
dit,0,0.0165,0.0241,0.02825,7.678000000000001,2026-03-17T18:18:49Z
dks,0,0.03295,0.03955,0.04405,14.151999999999997,2026-03-17T18:18:49Z
evy,0,0.0185,0.0148,0.0154,6.98,2026-03-17T18:18:49Z
fte,0,0.04475,0.0477,0.04165,18.012,2026-03-17T18:18:49Z
gyw,0,0.02125,0.0163,0.0142,7.822,2026-03-17T18:18:49Z
lbm,0,0.0319,0.0378,0.0408,13.588000000000001,2026-03-17T18:18:49Z
mds,0,0.01,0.0125,0.00955,4.182,2026-03-17T18:18:49Z
mgc,0,0.004,0.00815,0.0124,2.268,2026-03-17T18:18:49Z
mpd,0,0.03285,0.02485,0.02825,12.316,2026-03-17T18:18:49Z
msz,0,0.02675,0.0224,0.0244,10.258000000000001,2026-03-17T18:18:49Z
mvi,0,0.0152,0.0173,0.01405,6.202,2026-03-17T18:18:49Z
ngn,0,0.01705,0.01435,0.01535,6.536,2026-03-17T18:18:49Z
njs,0,0.0119,0.01395,0.01345,4.986000000000001,2026-03-17T18:18:49Z
nrh,0,0.0294,0.02615,0.0247,11.312,2026-03-17T18:18:49Z
nsj,0,0.0495,0.0385,0.03238333333333333,18.235333333333333,2026-03-17T18:18:49Z
oag,0,0.03235,0.03645,0.0351,13.378,2026-03-17T18:18:49Z
okz,0,0.0101,0.01155,0.01075,4.1819999999999995,2026-03-17T18:18:49Z
owi,0,0.0198,0.01645,0.0163,7.512,2026-03-17T18:18:49Z
owy,0,0.0223,0.02265,0.0193,8.828000000000001,2026-03-17T18:18:49Z
oxv,0,0.0194,0.01835,0.01785,7.614000000000001,2026-03-17T18:18:49Z
pdt,0,0.0331,0.03255,0.0311,13.116000000000001,2026-03-17T18:18:49Z
pks,0,0.03115,0.03555,0.03995,13.164,2026-03-17T18:18:49Z
pwo,0,0.04695,0.04975,0.04645,18.984,2026-03-17T18:18:49Z
pzg,0,0.02685,0.0222,0.020233333333333336,10.103333333333333,2026-03-17T18:18:49Z
qti,0,0.0389,0.04155,0.04315,15.942,2026-03-17T18:18:49Z
rfv,0,0.0172,0.0215,0.02405,7.497999999999999,2026-03-17T18:18:49Z
ukk,0,0.0418,0.04105,0.04035,16.602,2026-03-17T18:18:49Z
uzd,0,0.022,0.01825,0.0211,8.464,2026-03-17T18:18:49Z
vmz,0,0.01055,0.0091,0.0075,3.982,2026-03-17T18:18:49Z
xbz,0,0.0281,0.02555,0.02665,10.977999999999998,2026-03-17T18:18:49Z
xfi,0,0.0323,0.0261,0.02745,12.23,2026-03-17T18:18:49Z
xym,0,0.0194,0.02475,0.0319,8.688,2026-03-17T18:18:49Z
acr,0,0.02205,0.0212,0.01845,8.607999999999999,2026-03-17T18:28:56Z
amr,0,0.01245,0.0134,0.0129,5.074,2026-03-17T18:28:56Z
bba,0,0.04395,0.0426,0.0327,17.022000000000002,2026-03-17T18:28:56Z
bed,0,0.0313,0.03225,0.03355,12.686000000000002,2026-03-17T18:28:56Z
bmj,0,0.0197,0.02405,0.02345,8.378,2026-03-17T18:28:56Z
bwv,0,0.00585,0.0049,0.0084,2.366,2026-03-17T18:28:56Z
bzl,0,0.03695,0.04385,0.04245,15.552,2026-03-17T18:28:56Z
cmo,0,0.00995,0.01285,0.01145,4.272,2026-03-17T18:28:56Z
dit,0,0.01935,0.0249,0.02785,8.523999999999997,2026-03-17T18:28:56Z
dks,0,0.0362,0.0376,0.04385,14.898,2026-03-17T18:28:56Z
evy,0,0.02365,0.01295,0.0128,8.17,2026-03-17T18:28:56Z
fte,0,0.04395,0.04675,0.03945,17.624,2026-03-17T18:28:56Z
gyw,0,0.02025,0.0168,0.01285,7.5280000000000005,2026-03-17T18:28:56Z
lbm,0,0.03325,0.03985,0.04465,14.284,2026-03-17T18:28:56Z
mds,0,0.0092,0.01035,0.0124,3.8999999999999995,2026-03-17T18:28:56Z
mgc,0,0.0073,0.00725,0.0107,3.0520000000000005,2026-03-17T18:28:56Z
mpd,0,0.0328,0.0264,0.0274,12.392000000000001,2026-03-17T18:28:56Z
msz,0,0.02615,0.02225,0.0253,10.113999999999999,2026-03-17T18:28:56Z
mvi,0,0.0144,0.01485,0.01575,5.85,2026-03-17T18:28:56Z
ngn,0,0.016,0.01615,0.0175,6.4719999999999995,2026-03-17T18:28:56Z
njs,0,0.00915,0.0147,0.0146,4.322,2026-03-17T18:28:56Z
nrh,0,0.02455,0.0218,0.0253,9.629999999999999,2026-03-17T18:28:56Z
nsj,0,0.05325,0.0369,0.03105,19.104,2026-03-17T18:28:56Z
oag,0,0.03105,0.0385,0.03575,13.204,2026-03-17T18:28:56Z
okz,0,0.0101,0.00775,0.01075,3.8779999999999997,2026-03-17T18:28:56Z
owi,0,0.0186,0.01715,0.01335,7.113999999999999,2026-03-17T18:28:56Z
owy,0,0.02375,0.01595,0.01975,8.716,2026-03-17T18:28:56Z
oxv,0,0.01975,0.01955,0.01895,7.852,2026-03-17T18:28:56Z
pdt,0,0.0297,0.0297,0.0307,11.92,2026-03-17T18:28:56Z
pks,0,0.02805,0.0351,0.03915,12.228000000000002,2026-03-17T18:28:56Z
pwo,0,0.0469,0.05135,0.0474,19.136,2026-03-17T18:28:56Z
pzg,0,0.0275,0.02295,0.02115,10.382,2026-03-17T18:28:56Z
qti,0,0.0402,0.04025,0.04055,16.098,2026-03-17T18:28:56Z
rfv,0,0.0188,0.02345,0.0216,8.004,2026-03-17T18:28:56Z
ukk,0,0.04465,0.04275,0.04245,17.62,2026-03-17T18:28:56Z
uzd,0,0.02215,0.0215,0.0238,8.873999999999999,2026-03-17T18:28:56Z
vmz,0,0.0116,0.0094,0.00855,4.342,2026-03-17T18:28:56Z
xbz,0,0.0267,0.0268,0.02575,10.650000000000002,2026-03-17T18:28:56Z
xfi,0,0.0293,0.02765,0.02955,11.598000000000003,2026-03-17T18:28:56Z
xym,0,0.01955,0.0256,0.026,8.562,2026-03-17T18:28:56Z
acr,0,0.02075,0.02265,0.0193,8.394000000000002,2026-03-17T18:39:08Z
amr,0,0.0118,0.01155,0.0127,4.736,2026-03-17T18:39:08Z
bba,0,0.04205,0.038,0.03405,16.176,2026-03-17T18:39:08Z
bed,0,0.03095,0.0327,0.0326,12.585999999999999,2026-03-17T18:39:08Z
bmj,0,0.02235,0.0243,0.02635,9.256,2026-03-17T18:39:08Z
bwv,0,0.0062,0.0079,0.0081,2.692,2026-03-17T18:39:08Z
bzl,0,0.03505,0.04495,0.04055,15.032,2026-03-17T18:39:08Z
cmo,0,0.0095,0.0132,0.0111,4.16,2026-03-17T18:39:08Z
dit,0,0.01585,0.02165,0.028,7.29,2026-03-17T18:39:08Z
dks,0,0.0332,0.0384,0.0422,14.056,2026-03-17T18:39:08Z
evy,0,0.01965,0.01435,0.0139,7.206,2026-03-17T18:39:08Z
fte,0,0.0466,0.04485,0.04175,18.306,2026-03-17T18:39:08Z
gyw,0,0.020433333333333335,0.014333333333333335,0.013783333333333335,7.419333333333334,2026-03-17T18:39:08Z
lbm,0,0.02845,0.0408,0.0428,12.942,2026-03-17T18:39:08Z
mds,0,0.010933333333333333,0.011933333333333332,0.011533333333333333,4.477333333333333,2026-03-17T18:39:08Z
mgc,0,0.00355,0.0096,0.0106,2.186,2026-03-17T18:39:08Z
mpd,0,0.036,0.02715,0.02645,13.309999999999999,2026-03-17T18:39:08Z
msz,0,0.0246,0.0213,0.0255,9.612,2026-03-17T18:39:08Z
mvi,0,0.01585,0.01455,0.0159,6.238,2026-03-17T18:39:08Z
ngn,0,0.017083333333333336,0.015433333333333334,0.017583333333333333,6.721333333333335,2026-03-17T18:39:08Z
njs,0,0.0096,0.0132,0.0135,4.284,2026-03-17T18:39:08Z
nrh,0,0.02605,0.02355,0.0257,10.206,2026-03-17T18:39:08Z
nsj,0,0.0503,0.03805,0.034,18.488,2026-03-17T18:39:08Z
oag,0,0.02865,0.037,0.03495,12.379999999999997,2026-03-17T18:39:08Z
okz,0,0.01005,0.01,0.01075,4.044,2026-03-17T18:39:08Z
owi,0,0.02015,0.01505,0.0169,7.522,2026-03-17T18:39:08Z
owy,0,0.02585,0.0207,0.0187,9.642,2026-03-17T18:39:08Z
oxv,0,0.02265,0.0212,0.02115,8.884,2026-03-17T18:39:08Z
pdt,0,0.0345,0.0298,0.02815,13.170000000000002,2026-03-17T18:39:08Z
pks,0,0.0288,0.03725,0.0413,12.696000000000002,2026-03-17T18:39:08Z
pwo,0,0.0451,0.05225,0.04475,18.598,2026-03-17T18:39:08Z
pzg,0,0.02725,0.0229,0.021,10.302,2026-03-17T18:39:08Z
qti,0,0.04028333333333333,0.03698333333333333,0.03983333333333333,15.831333333333333,2026-03-17T18:39:08Z
rfv,0,0.0199,0.0213,0.02175,8.146,2026-03-17T18:39:08Z
ukk,0,0.04625,0.0375,0.03785,17.464,2026-03-17T18:39:08Z
uzd,0,0.024583333333333336,0.021733333333333334,0.021883333333333334,9.497333333333334,2026-03-17T18:39:08Z
vmz,0,0.0127,0.0078,0.008,4.5,2026-03-17T18:39:08Z
xbz,0,0.02815,0.0268,0.02755,11.128,2026-03-17T18:39:08Z
xfi,0,0.03135,0.02985,0.02865,12.312000000000001,2026-03-17T18:39:08Z
xym,0,0.016983333333333333,0.027483333333333332,0.02888333333333333,8.109333333333332,2026-03-17T18:39:08Z
acr,0,0.0206,0.0194,0.01915,8.086,2026-03-17T18:59:17Z
amr,0,0.0129,0.01455,0.0145,5.356000000000001,2026-03-17T18:59:17Z
bba,0,0.0418,0.03955,0.031,16.107999999999997,2026-03-17T18:59:17Z
bed,0,0.02715,0.034,0.03175,11.592,2026-03-17T18:59:17Z
bmj,0,0.0204,0.0254,0.02555,8.766,2026-03-17T18:59:17Z
bwv,0,0.0067,0.0058,0.00855,2.682,2026-03-17T18:59:17Z
bzl,0,0.03825,0.0402,0.0394,15.501999999999999,2026-03-17T18:59:17Z
cmo,0,0.01235,0.00965,0.0118,4.702,2026-03-17T18:59:17Z
dit,0,0.0171,0.0255,0.0302,8.036,2026-03-17T18:59:17Z
dks,0,0.0358,0.041133333333333334,0.04463333333333333,15.099999999999998,2026-03-17T18:59:17Z
evy,0,0.0218,0.01355,0.01465,7.774000000000001,2026-03-17T18:59:17Z
fte,0,0.04855,0.04795,0.0443,19.202,2026-03-17T18:59:17Z
gyw,0,0.02215,0.01485,0.0126,7.894,2026-03-17T18:59:17Z
lbm,0,0.0319,0.0393,0.0429,13.792,2026-03-17T18:59:17Z
mds,0,0.0106,0.01165,0.0119,4.3759999999999994,2026-03-17T18:59:17Z
mgc,0,0.0054,0.0069,0.01075,2.494,2026-03-17T18:59:17Z
mpd,0,0.0317,0.0288,0.02565,12.206,2026-03-17T18:59:17Z
msz,0,0.02605,0.0221,0.02795,10.18,2026-03-17T18:59:17Z
mvi,0,0.0142,0.0166,0.01365,5.85,2026-03-17T18:59:17Z
ngn,0,0.01465,0.0152,0.0169,5.994000000000001,2026-03-17T18:59:17Z
njs,0,0.01015,0.0131,0.0132,4.418,2026-03-17T18:59:17Z
nrh,0,0.0245,0.024,0.02345,9.718000000000002,2026-03-17T18:59:17Z
nsj,0,0.04875,0.0377,0.0333,17.997999999999998,2026-03-17T18:59:17Z
oag,0,0.0285,0.04,0.0367,12.648000000000001,2026-03-17T18:59:17Z
okz,0,0.0106,0.0093,0.01075,4.1419999999999995,2026-03-17T18:59:17Z
owi,0,0.01965,0.0182,0.0154,7.574,2026-03-17T18:59:17Z
owy,0,0.02545,0.01995,0.0175,9.421999999999999,2026-03-17T18:59:17Z
oxv,0,0.01855,0.0214,0.0204,7.7219999999999995,2026-03-17T18:59:17Z
pdt,0,0.032,0.029,0.02865,12.426000000000002,2026-03-17T18:59:17Z
pks,0,0.0305,0.03468333333333333,0.04023333333333333,12.924,2026-03-17T18:59:17Z
pwo,0,0.0479,0.05135,0.0482,19.448,2026-03-17T18:59:17Z
pzg,0,0.0268,0.0228,0.0211,10.172,2026-03-17T18:59:17Z
qti,0,0.04265,0.0387,0.0378,16.55,2026-03-17T18:59:17Z
rfv,0,0.0186,0.02065,0.02145,7.717999999999999,2026-03-17T18:59:17Z
ukk,0,0.044,0.0376,0.0405,16.948,2026-03-17T18:59:17Z
uzd,0,0.0235,0.02165,0.01915,9.078000000000001,2026-03-17T18:59:17Z
vmz,0,0.01055,0.00955,0.009,4.078,2026-03-17T18:59:17Z
xbz,0,0.02685,0.0249,0.02535,10.524000000000001,2026-03-17T18:59:17Z
xfi,0,0.03095,0.027,0.03065,12.052,2026-03-17T18:59:17Z
xym,0,0.0195,0.02638333333333333,0.029433333333333332,8.748000000000001,2026-03-17T18:59:17Z
acr,0,0.0213,0.0228,0.0198,8.580000000000002,2026-03-17T19:08:49Z
amr,0,0.01165,0.0152,0.01185,4.952,2026-03-17T19:08:49Z
bba,0,0.04135,0.0373,0.03345,15.899999999999999,2026-03-17T19:08:49Z
bed,0,0.02935,0.02955,0.02715,11.668000000000001,2026-03-17T19:08:49Z
bmj,0,0.0215,0.0216,0.02565,8.774,2026-03-17T19:08:49Z
bwv,0,0.0057,0.0066,0.0068,2.3960000000000004,2026-03-17T19:08:49Z
bzl,0,0.03495,0.04145,0.0407,14.73,2026-03-17T19:08:49Z
cmo,0,0.0116,0.01165,0.0126,4.684,2026-03-17T19:08:49Z
dit,0,0.0156,0.0278,0.0277,7.7,2026-03-17T19:08:49Z
dks,0,0.03775,0.0424,0.04438333333333333,15.737333333333332,2026-03-17T19:08:49Z
evy,0,0.0215,0.01385,0.01315,7.654,2026-03-17T19:08:49Z
fte,0,0.04975,0.04915,0.0399,19.458,2026-03-17T19:08:49Z
gyw,0,0.0219,0.0169,0.013933333333333334,8.041333333333332,2026-03-17T19:08:49Z
lbm,0,0.0282,0.03985,0.04635,12.938,2026-03-17T19:08:49Z
mds,0,0.0109,0.0129,0.0127,4.5920000000000005,2026-03-17T19:08:49Z
mgc,0,0.006,0.00975,0.00925,2.8299999999999996,2026-03-17T19:08:49Z
mpd,0,0.03225,0.0254,0.02395,12.02,2026-03-17T19:08:49Z
msz,0,0.02415,0.0225,0.02435,9.536000000000001,2026-03-17T19:08:49Z
mvi,0,0.01585,0.0154,0.01505,6.272,2026-03-17T19:08:49Z
ngn,0,0.0145,0.01635,0.01795,6.086,2026-03-17T19:08:49Z
njs,0,0.0095,0.0138,0.0142,4.332000000000001,2026-03-17T19:08:49Z
nrh,0,0.0275,0.02615,0.0271,10.876000000000001,2026-03-17T19:08:49Z
nsj,0,0.0505,0.0374,0.0299,18.328,2026-03-17T19:08:49Z
oag,0,0.03145,0.0344,0.034333333333333334,12.931333333333333,2026-03-17T19:08:49Z
okz,0,0.0102,0.00875,0.01035,3.97,2026-03-17T19:08:49Z
owi,0,0.01865,0.01925,0.01745,7.46,2026-03-17T19:08:49Z
owy,0,0.02535,0.0192,0.01795,9.351999999999999,2026-03-17T19:08:49Z
oxv,0,0.0227,0.0214,0.021033333333333334,8.909333333333333,2026-03-17T19:08:49Z
pdt,0,0.031,0.03285,0.0343,12.68,2026-03-17T19:08:49Z
pks,0,0.0312,0.0333,0.038233333333333334,12.929333333333332,2026-03-17T19:08:49Z
pwo,0,0.04785,0.049,0.0509,19.354,2026-03-17T19:08:49Z
pzg,0,0.02825,0.02,0.02125,10.36,2026-03-17T19:08:49Z
qti,0,0.0373,0.0369,0.03745,14.893999999999998,2026-03-17T19:08:49Z
rfv,0,0.016,0.02185,0.0215,7.088,2026-03-17T19:08:49Z
ukk,0,0.04515,0.038,0.03855,17.224,2026-03-17T19:08:49Z
uzd,0,0.02405,0.0212,0.0234,9.366,2026-03-17T19:08:49Z
vmz,0,0.0096,0.00675,0.009,3.5879999999999996,2026-03-17T19:08:49Z
xbz,0,0.0273,0.0253,0.0286,10.812000000000001,2026-03-17T19:08:49Z
xfi,0,0.0306,0.027,0.0281,11.852,2026-03-17T19:08:49Z
xym,0,0.0201,0.0291,0.02973333333333333,9.145333333333333,2026-03-17T19:08:49Z
acr,0,0.02425,0.0227,0.022,9.486,2026-03-17T19:18:41Z
amr,0,0.0114,0.0149,0.01335,4.918,2026-03-17T19:18:41Z
bba,0,0.04315,0.0395,0.03545,16.66,2026-03-17T19:18:41Z
bed,0,0.03045,0.0324,0.0295,12.298,2026-03-17T19:18:41Z
bmj,0,0.02005,0.02265,0.028,8.546,2026-03-17T19:18:41Z
bwv,0,0.00685,0.00555,0.00625,2.612,2026-03-17T19:18:41Z
bzl,0,0.03775,0.0438,0.04045,15.692,2026-03-17T19:18:41Z
cmo,0,0.0092,0.01255,0.01085,4.013999999999999,2026-03-17T19:18:41Z
dit,0,0.01475,0.024183333333333334,0.02963333333333333,7.250000000000001,2026-03-17T19:18:41Z
dks,0,0.0334,0.03715,0.0414,13.98,2026-03-17T19:18:41Z
evy,0,0.0194,0.015,0.0146,7.216,2026-03-17T19:18:41Z
fte,0,0.04265,0.04395,0.04095,17.095999999999997,2026-03-17T19:18:41Z
gyw,0,0.0212,0.014,0.01455,7.638,2026-03-17T19:18:41Z
lbm,0,0.03045,0.03963333333333333,0.04008333333333333,13.3,2026-03-17T19:18:41Z
mds,0,0.01125,0.0119,0.01255,4.604,2026-03-17T19:18:41Z
mgc,0,0.0057,0.0085,0.01045,2.6940000000000004,2026-03-17T19:18:41Z
mpd,0,0.03135,0.02698333333333333,0.02648333333333333,11.996000000000002,2026-03-17T19:18:41Z
msz,0,0.0288,0.02305,0.02195,10.786,2026-03-17T19:18:41Z
mvi,0,0.0133,0.0156,0.01625,5.622,2026-03-17T19:18:41Z
ngn,0,0.0159,0.0153,0.02085,6.51,2026-03-17T19:18:41Z
njs,0,0.0111,0.0161,0.01375,4.946,2026-03-17T19:18:41Z
nrh,0,0.02495,0.02385,0.02455,9.876,2026-03-17T19:18:41Z
nsj,0,0.0533,0.03795,0.0329,19.275999999999996,2026-03-17T19:18:41Z
oag,0,0.0309,0.03705,0.03435,12.989999999999998,2026-03-17T19:18:41Z
okz,0,0.0081,0.01275,0.01215,3.7739999999999996,2026-03-17T19:18:41Z
owi,0,0.01925,0.01815,0.01735,7.5360000000000005,2026-03-17T19:18:41Z
owy,0,0.02645,0.01885,0.0175,9.614,2026-03-17T19:18:41Z
oxv,0,0.02115,0.0229,0.01915,8.52,2026-03-17T19:18:41Z
pdt,0,0.03135,0.0285,0.02975,12.248000000000001,2026-03-17T19:18:41Z
pks,0,0.03145,0.03555,0.04345,13.388,2026-03-17T19:18:41Z
pwo,0,0.0482,0.04785,0.0445,19.104,2026-03-17T19:18:41Z
pzg,0,0.02965,0.0232,0.0198,10.95,2026-03-17T19:18:41Z
qti,0,0.0406,0.0365,0.03635,15.742,2026-03-17T19:18:41Z
rfv,0,0.019,0.0211,0.0216,7.872000000000002,2026-03-17T19:18:41Z
ukk,0,0.0426,0.0394,0.03885,16.634,2026-03-17T19:18:41Z
uzd,0,0.02285,0.02075,0.0205,8.878,2026-03-17T19:18:41Z
vmz,0,0.0118,0.006,0.0086,4.127999999999999,2026-03-17T19:18:41Z
xbz,0,0.02905,0.02865,0.0282,11.554,2026-03-17T19:18:41Z
xfi,0,0.0278,0.03025,0.03055,11.426,2026-03-17T19:18:41Z
xym,0,0.0192,0.02535,0.03055,8.626,2026-03-17T19:18:41Z
acr,0,0.01985,0.01895,0.0202,7.882,2026-03-17T19:55:09Z
amr,0,0.0125,0.01425,0.01305,5.162,2026-03-17T19:55:09Z
bba,0,0.0433,0.03845,0.0307,16.428,2026-03-17T19:55:09Z
bed,0,0.031,0.03145,0.03365,12.542,2026-03-17T19:55:09Z
bmj,0,0.0216,0.0237,0.0258,8.975999999999999,2026-03-17T19:55:09Z
bwv,0,0.0066,0.0065,0.00805,2.6899999999999995,2026-03-17T19:55:09Z
bzl,0,0.0409,0.04505,0.0423,16.748,2026-03-17T19:55:09Z
cmo,0,0.0115,0.00915,0.0132,4.48,2026-03-17T19:55:09Z
dit,0,0.01515,0.0257,0.0252,7.306,2026-03-17T19:55:09Z
dks,0,0.03485,0.04078333333333333,0.04278333333333333,14.732000000000001,2026-03-17T19:55:09Z
evy,0,0.02095,0.01295,0.0142,7.47,2026-03-17T19:55:09Z
fte,0,0.04505,0.04575,0.04475,18.064000000000004,2026-03-17T19:55:09Z
gyw,0,0.02,0.0134,0.0141,7.236000000000001,2026-03-17T19:55:09Z
lbm,0,0.02975,0.03828333333333333,0.04583333333333333,13.225999999999999,2026-03-17T19:55:09Z
mds,0,0.0095,0.0123,0.01225,4.134,2026-03-17T19:55:09Z
mgc,0,0.0062,0.00835,0.01025,2.814,2026-03-17T19:55:09Z
mpd,0,0.0348,0.02475,0.025,12.724,2026-03-17T19:55:09Z
msz,0,0.02675,0.02165,0.0235,10.161999999999999,2026-03-17T19:55:09Z
mvi,0,0.01605,0.01325,0.0149,6.15,2026-03-17T19:55:09Z
ngn,0,0.01465,0.0187,0.01655,6.260000000000002,2026-03-17T19:55:09Z
njs,0,0.0103,0.0146,0.0142,4.62,2026-03-17T19:55:09Z
nrh,0,0.026,0.02865,0.02715,10.657999999999998,2026-03-17T19:55:09Z
nsj,0,0.0505,0.0387,0.0345,18.616,2026-03-17T19:55:09Z
oag,0,0.03085,0.0382,0.03445,13.072,2026-03-17T19:55:09Z
okz,0,0.0116,0.00935,0.0102,4.404,2026-03-17T19:55:09Z
owi,0,0.0231,0.01825,0.0179,8.644,2026-03-17T19:55:09Z
owy,0,0.02065,0.01965,0.01785,8.068000000000001,2026-03-17T19:55:09Z
oxv,0,0.018,0.0222,0.01815,7.542,2026-03-17T19:55:09Z
pdt,0,0.03015,0.03265,0.0317,12.322,2026-03-17T19:55:09Z
pks,0,0.0308,0.03623333333333333,0.04483333333333333,13.316,2026-03-17T19:55:09Z
pwo,0,0.04705,0.05415,0.0448,19.298000000000002,2026-03-17T19:55:09Z
pzg,0,0.0264,0.02325,0.018,9.972,2026-03-17T19:55:09Z
qti,0,0.0422,0.03535,0.03835,16.177999999999997,2026-03-17T19:55:09Z
rfv,0,0.0185,0.02065,0.0213,7.683999999999999,2026-03-17T19:55:09Z
ukk,0,0.04365,0.0382,0.0422,16.966,2026-03-17T19:55:09Z
uzd,0,0.02115,0.0203,0.01845,8.283999999999999,2026-03-17T19:55:09Z
vmz,0,0.01245,0.01,0.0072,4.574,2026-03-17T19:55:09Z
xbz,0,0.02765,0.02465,0.0255,10.734000000000002,2026-03-17T19:55:09Z
xfi,0,0.0312,0.02645,0.0284,11.988,2026-03-17T19:55:09Z
xym,0,0.01685,0.02515,0.0286,7.8740000000000006,2026-03-17T19:55:09Z
acr,0,0.01895,0.02245,0.018,7.822,2026-03-17T19:56:48Z
amr,0,0.00965,0.01295,0.01105,4.180000000000001,2026-03-17T19:56:48Z
bba,0,0.0435,0.04045,0.03085,16.65,2026-03-17T19:56:48Z
bed,0,0.03205,0.03025,0.0305,12.614,2026-03-17T19:56:48Z
bmj,0,0.0208,0.0251,0.02575,8.862,2026-03-17T19:56:48Z
bwv,0,0.006,0.00625,0.0069,2.4560000000000004,2026-03-17T19:56:48Z
bzl,0,0.0379,0.044,0.04075,15.762000000000002,2026-03-17T19:56:48Z
cmo,0,0.011,0.0108,0.01165,4.409999999999999,2026-03-17T19:56:48Z
dit,0,0.0167,0.02345,0.02585,7.586,2026-03-17T19:56:48Z
dks,0,0.0359,0.0394,0.0456,15.028000000000002,2026-03-17T19:56:48Z
evy,0,0.01955,0.015,0.0152,7.282,2026-03-17T19:56:48Z
fte,0,0.04295,0.04225,0.0396,16.990000000000002,2026-03-17T19:56:48Z
gyw,0,0.02075,0.0164,0.01495,7.720000000000001,2026-03-17T19:56:48Z
lbm,0,0.0317,0.03635,0.04275,13.494,2026-03-17T19:56:48Z
mds,0,0.0116,0.0129,0.01495,4.878,2026-03-17T19:56:48Z
mgc,0,0.0053,0.00865,0.0097,2.564,2026-03-17T19:56:48Z
mpd,0,0.0325,0.02835,0.0264,12.424,2026-03-17T19:56:48Z
msz,0,0.02585,0.0219,0.02495,9.988,2026-03-17T19:56:48Z
mvi,0,0.0163,0.01575,0.01545,6.442,2026-03-17T19:56:48Z
ngn,0,0.0175,0.01985,0.02115,7.3340000000000005,2026-03-17T19:56:48Z
njs,0,0.0105,0.0109,0.0138,4.364,2026-03-17T19:56:48Z
nrh,0,0.0267,0.02315,0.02585,10.362,2026-03-17T19:56:48Z
nsj,0,0.0496,0.0358,0.0349,18.148,2026-03-17T19:56:48Z
oag,0,0.0331,0.03488333333333333,0.03248333333333333,13.357999999999999,2026-03-17T19:56:48Z
okz,0,0.0095,0.0103,0.01155,3.9460000000000006,2026-03-17T19:56:48Z
owi,0,0.0201,0.016433333333333335,0.016933333333333335,7.619999999999999,2026-03-17T19:56:48Z
owy,0,0.0258,0.02105,0.0171,9.592,2026-03-17T19:56:48Z
oxv,0,0.01785,0.023233333333333335,0.018933333333333333,7.614,2026-03-17T19:56:48Z
pdt,0,0.02985,0.03195,0.0337,12.262000000000002,2026-03-17T19:56:48Z
pks,0,0.02965,0.03825,0.0375,12.861999999999998,2026-03-17T19:56:48Z
pwo,0,0.04675,0.0497,0.0463,18.918,2026-03-17T19:56:48Z
pzg,0,0.02985,0.02245,0.02055,10.976,2026-03-17T19:56:48Z
qti,0,0.0403,0.039,0.0399,16,2026-03-17T19:56:48Z
rfv,0,0.02025,0.01985,0.02255,8.16,2026-03-17T19:56:48Z
ukk,0,0.0419,0.03965,0.03885,16.458,2026-03-17T19:56:48Z
uzd,0,0.02345,0.02155,0.02405,9.251999999999999,2026-03-17T19:56:48Z
vmz,0,0.0113,0.01005,0.0087,4.315999999999999,2026-03-17T19:56:48Z
xbz,0,0.0292,0.0267,0.02665,11.378000000000002,2026-03-17T19:56:48Z
xfi,0,0.03015,0.0251,0.02795,11.567999999999998,2026-03-17T19:56:48Z
xym,0,0.01775,0.0275,0.02975,8.36,2026-03-17T19:56:48Z
acr,0,0.02175,0.0189,0.02055,8.424,2026-03-17T19:58:56Z
amr,0,0.01235,0.01455,0.01355,5.164,2026-03-17T19:58:56Z
bba,0,0.04645,0.03575,0.03545,17.284,2026-03-17T19:58:56Z
bed,0,0.03075,0.0319,0.02985,12.356,2026-03-17T19:58:56Z
bmj,0,0.0199,0.0234,0.02965,8.63,2026-03-17T19:58:56Z
bwv,0,0.00635,0.00715,0.0073,2.642,2026-03-17T19:58:56Z
bzl,0,0.0395,0.0439,0.03995,16.17,2026-03-17T19:58:56Z
cmo,0,0.00895,0.0102,0.010233333333333332,3.731333333333333,2026-03-17T19:58:56Z
dit,0,0.0176,0.024383333333333333,0.029783333333333332,8.07,2026-03-17T19:58:56Z
dks,0,0.03805,0.04115,0.04765,15.852,2026-03-17T19:58:56Z
evy,0,0.02015,0.01315,0.01115,7.14,2026-03-17T19:58:56Z
fte,0,0.044,0.04253333333333333,0.03928333333333333,17.294,2026-03-17T19:58:56Z
gyw,0,0.0187,0.01405,0.01255,6.862000000000002,2026-03-17T19:58:56Z
lbm,0,0.02995,0.04068333333333333,0.043533333333333334,13.381999999999998,2026-03-17T19:58:56Z
mds,0,0.00845,0.01125,0.013433333333333334,3.8033333333333337,2026-03-17T19:58:56Z
mgc,0,0.00485,0.0078,0.00905,2.344,2026-03-17T19:58:56Z
mpd,0,0.030783333333333333,0.02588333333333333,0.02573333333333333,11.719333333333333,2026-03-17T19:58:56Z
msz,0,0.0262,0.02025,0.02325,9.886000000000001,2026-03-17T19:58:56Z
mvi,0,0.01495,0.0139,0.013983333333333334,5.857333333333332,2026-03-17T19:58:56Z
ngn,0,0.013983333333333334,0.016883333333333334,0.018333333333333333,5.999333333333333,2026-03-17T19:58:56Z
njs,0,0.01195,0.01705,0.01305,5.232,2026-03-17T19:58:56Z
nrh,0,0.0269,0.0237,0.025,10.427999999999999,2026-03-17T19:58:56Z
nsj,0,0.05025,0.0413,0.03253333333333333,18.675333333333334,2026-03-17T19:58:56Z
oag,0,0.0286,0.03725,0.03645,12.446,2026-03-17T19:58:56Z
okz,0,0.0111,0.00905,0.01165,4.298000000000001,2026-03-17T19:58:56Z
owi,0,0.01965,0.0188,0.0158,7.638,2026-03-17T19:58:56Z
owy,0,0.02545,0.019,0.016,9.286000000000001,2026-03-17T19:58:56Z
oxv,0,0.0186,0.01995,0.0175,7.504,2026-03-17T19:58:56Z
pdt,0,0.0332,0.0306,0.03215,13.03,2026-03-17T19:58:56Z
pks,0,0.03185,0.0416,0.0404,13.862000000000002,2026-03-17T19:58:56Z
pwo,0,0.04418333333333333,0.053033333333333335,0.04603333333333333,18.455333333333332,2026-03-17T19:58:56Z
pzg,0,0.0301,0.02085,0.01945,10.874000000000002,2026-03-17T19:58:56Z
qti,0,0.0376,0.03565,0.03913333333333333,14.945333333333334,2026-03-17T19:58:56Z
rfv,0,0.0207,0.0203,0.0236,8.364,2026-03-17T19:58:56Z
ukk,0,0.0464,0.04175,0.04135,17.986,2026-03-17T19:58:56Z
uzd,0,0.0204,0.0231,0.0209,8.396,2026-03-17T19:58:56Z
vmz,0,0.0101,0.0088,0.00985,3.926,2026-03-17T19:58:56Z
xbz,0,0.02865,0.0239,0.02753333333333333,11.035333333333332,2026-03-17T19:58:56Z
xfi,0,0.033,0.0287,0.02875,12.686,2026-03-17T19:58:56Z
xym,0,0.01765,0.02795,0.0286,8.322000000000001,2026-03-17T19:58:56Z
acr,0,0.02555,0.02145,0.0214,9.726,2026-03-17T20:08:30Z
amr,0,0.0118,0.01415,0.0137,4.984,2026-03-17T20:08:30Z
bba,0,0.04175,0.0359,0.0323,15.854,2026-03-17T20:08:30Z
bed,0,0.0284,0.0327,0.0284,11.703999999999999,2026-03-17T20:08:30Z
bmj,0,0.02235,0.02345,0.0266,9.198,2026-03-17T20:08:30Z
bwv,0,0.0052,0.00685,0.00595,2.242,2026-03-17T20:08:30Z
bzl,0,0.03585,0.04125,0.0394,14.914000000000001,2026-03-17T20:08:30Z
cmo,0,0.0094,0.01315,0.01055,4.106,2026-03-17T20:08:30Z
dit,0,0.01795,0.02365,0.0259,7.954000000000001,2026-03-17T20:08:30Z
dks,0,0.036,0.04015,0.04535,15.106,2026-03-17T20:08:30Z
evy,0,0.02205,0.01425,0.0136,7.858,2026-03-17T20:08:30Z
fte,0,0.0421,0.0456,0.0453,17.247999999999998,2026-03-17T20:08:30Z
gyw,0,0.0213,0.0169,0.01435,7.890000000000001,2026-03-17T20:08:30Z
lbm,0,0.02855,0.0374,0.04115,12.632000000000001,2026-03-17T20:08:30Z
mds,0,0.00965,0.0126,0.01095,4.148,2026-03-17T20:08:30Z
mgc,0,0.005,0.0087,0.0086,2.44,2026-03-17T20:08:30Z
mpd,0,0.0311,0.02545,0.03075,11.974,2026-03-17T20:08:30Z
msz,0,0.025,0.02555,0.02425,10.014000000000001,2026-03-17T20:08:30Z
mvi,0,0.0159,0.0157,0.0145,6.288,2026-03-17T20:08:30Z
ngn,0,0.01485,0.0153,0.0178,6.094,2026-03-17T20:08:30Z
njs,0,0.0095,0.0134,0.01475,4.322,2026-03-17T20:08:30Z
nrh,0,0.0243,0.02235,0.0253,9.604,2026-03-17T20:08:30Z
nsj,0,0.04995,0.0366,0.03335,18.248,2026-03-17T20:08:30Z
oag,0,0.0303,0.0363,0.03695,12.866,2026-03-17T20:08:30Z
okz,0,0.0106,0.00905,0.0122,4.180000000000001,2026-03-17T20:08:30Z
owi,0,0.0211,0.01875,0.0151,8.012,2026-03-17T20:08:30Z
owy,0,0.02635,0.02125,0.01725,9.768,2026-03-17T20:08:30Z
oxv,0,0.02025,0.01865,0.01625,7.812000000000001,2026-03-17T20:08:30Z
pdt,0,0.0344,0.0334,0.03165,13.57,2026-03-17T20:08:30Z
pks,0,0.0314,0.03595,0.0421,13.352,2026-03-17T20:08:30Z
pwo,0,0.04845,0.05025,0.0433,19.317999999999998,2026-03-17T20:08:30Z
pzg,0,0.0269,0.0195,0.02185,9.966000000000001,2026-03-17T20:08:30Z
qti,0,0.0398,0.0394,0.0366,15.760000000000002,2026-03-17T20:08:30Z
rfv,0,0.01855,0.0183,0.0233,7.589999999999999,2026-03-17T20:08:30Z
ukk,0,0.04535,0.03975,0.04215,17.564,2026-03-17T20:08:30Z
uzd,0,0.0224,0.02325,0.02265,9.038,2026-03-17T20:08:30Z
vmz,0,0.01315,0.009,0.00765,4.708,2026-03-17T20:08:30Z
xbz,0,0.02705,0.02725,0.0285,10.894000000000002,2026-03-17T20:08:30Z
xfi,0,0.0323,0.02935,0.02875,12.542000000000002,2026-03-17T20:08:30Z
xym,0,0.01815,0.0281,0.02955,8.512,2026-03-17T20:08:30Z
acr,0,0.0192,0.021,0.021483333333333333,7.915333333333333,2026-03-17T20:19:06Z
amr,0,0.0107,0.0139,0.0103,4.52,2026-03-17T20:19:06Z
bba,0,0.0444,0.03605,0.0302,16.524,2026-03-17T20:19:06Z
bed,0,0.03,0.03055,0.03035,12.058,2026-03-17T20:19:06Z
bmj,0,0.0218,0.0228,0.0262,8.976,2026-03-17T20:19:06Z
bwv,0,0.0053,0.00665,0.00675,2.286,2026-03-17T20:19:06Z
bzl,0,0.0368,0.0456,0.0376,15.456000000000001,2026-03-17T20:19:06Z
cmo,0,0.0094,0.0101,0.01205,3.9219999999999997,2026-03-17T20:19:06Z
dit,0,0.0173,0.01985,0.02983333333333333,7.625333333333333,2026-03-17T20:19:06Z
dks,0,0.03535,0.03985,0.04365,14.832,2026-03-17T20:19:06Z
evy,0,0.02165,0.0163,0.0132,7.893999999999998,2026-03-17T20:19:06Z
fte,0,0.04785,0.0478,0.0422,18.91,2026-03-17T20:19:06Z
gyw,0,0.0224,0.01695,0.0123,8.12,2026-03-17T20:19:06Z
lbm,0,0.02755,0.04145,0.0428,12.742000000000003,2026-03-17T20:19:06Z
mds,0,0.01235,0.01135,0.01175,4.835999999999999,2026-03-17T20:19:06Z
mgc,0,0.0059,0.0076,0.011,2.6999999999999997,2026-03-17T20:19:06Z
mpd,0,0.03105,0.02985,0.02725,12.172,2026-03-17T20:19:06Z
msz,0,0.0273,0.02205,0.02445,10.386000000000003,2026-03-17T20:19:06Z
mvi,0,0.01435,0.01245,0.0155,5.633999999999999,2026-03-17T20:19:06Z
ngn,0,0.015,0.0177,0.0199,6.412,2026-03-17T20:19:06Z
njs,0,0.01085,0.0144,0.01435,4.764,2026-03-17T20:19:06Z
nrh,0,0.0241,0.021,0.0267,9.496,2026-03-17T20:19:06Z
nsj,0,0.04958333333333333,0.03938333333333333,0.033383333333333334,18.369333333333334,2026-03-17T20:19:06Z
oag,0,0.02855,0.03945,0.034833333333333334,12.543333333333333,2026-03-17T20:19:06Z
okz,0,0.01035,0.00855,0.01125,4.032,2026-03-17T20:19:06Z
owi,0,0.01945,0.01795,0.0157,7.509999999999999,2026-03-17T20:19:06Z
owy,0,0.02555,0.01855,0.0181,9.362,2026-03-17T20:19:06Z
oxv,0,0.0171,0.01965,0.0177,7.068,2026-03-17T20:19:06Z
pdt,0,0.02975,0.0292,0.03025,11.876,2026-03-17T20:19:06Z
pks,0,0.0333,0.0382,0.04515,14.186,2026-03-17T20:19:06Z
pwo,0,0.04883333333333333,0.052833333333333336,0.048383333333333334,19.835333333333335,2026-03-17T20:19:06Z
pzg,0,0.0264,0.02225,0.0217,10.04,2026-03-17T20:19:06Z
qti,0,0.0411,0.038,0.04155,16.209999999999997,2026-03-17T20:19:06Z
rfv,0,0.0187,0.01875,0.0225,7.636000000000001,2026-03-17T20:19:06Z
ukk,0,0.04455,0.0428,0.03645,17.356,2026-03-17T20:19:06Z
uzd,0,0.0259,0.02315,0.02105,9.946,2026-03-17T20:19:06Z
vmz,0,0.01145,0.00785,0.0085,4.1739999999999995,2026-03-17T20:19:06Z
xbz,0,0.0305,0.0264,0.0256,11.676,2026-03-17T20:19:06Z
xfi,0,0.03188333333333333,0.02623333333333333,0.02633333333333333,12.079333333333333,2026-03-17T20:19:06Z
xym,0,0.01645,0.02555,0.03175,7.92,2026-03-17T20:19:06Z
acr,0,0.0227,0.0209,0.02355,8.97,2026-03-17T20:39:01Z
amr,0,0.0124,0.0135,0.01295,5.07,2026-03-17T20:39:01Z
bba,0,0.04255,0.038,0.03315,16.28,2026-03-17T20:39:01Z
bed,0,0.02815,0.02965,0.03,11.454,2026-03-17T20:39:01Z
bmj,0,0.0215,0.02505,0.02575,9.054,2026-03-17T20:39:01Z
bwv,0,0.0059,0.0056,0.0082,2.428,2026-03-17T20:39:01Z
bzl,0,0.04225,0.0441,0.0399,16.954,2026-03-17T20:39:01Z
cmo,0,0.0105,0.01335,0.01145,4.466,2026-03-17T20:39:01Z
dit,0,0.0168,0.02515,0.0281,7.84,2026-03-17T20:39:01Z
dks,0,0.0351,0.0382,0.04315,14.610000000000001,2026-03-17T20:39:01Z
evy,0,0.02455,0.01715,0.0126,8.75,2026-03-17T20:39:01Z
fte,0,0.0464,0.0433,0.0422,18.144,2026-03-17T20:39:01Z
gyw,0,0.0203,0.0165,0.0132,7.532,2026-03-17T20:39:01Z
lbm,0,0.02995,0.04205,0.0411,13.393999999999998,2026-03-17T20:39:01Z
mds,0,0.0123,0.0124,0.01135,4.89,2026-03-17T20:39:01Z
mgc,0,0.0058,0.008,0.0103,2.676,2026-03-17T20:39:01Z
mpd,0,0.03175,0.03065,0.02935,12.516,2026-03-17T20:39:01Z
msz,0,0.02525,0.0239,0.02685,10.056000000000001,2026-03-17T20:39:01Z
mvi,0,0.0124,0.0148,0.0172,5.343999999999999,2026-03-17T20:39:01Z
ngn,0,0.01525,0.0167,0.01945,6.3839999999999995,2026-03-17T20:39:01Z
njs,0,0.0112,0.013,0.01465,4.762,2026-03-17T20:39:01Z
nrh,0,0.022,0.026950000000000002,0.02805,9.437999999999999,2026-03-17T20:39:01Z
nsj,0,0.04895,0.0389,0.03255,18.12,2026-03-17T20:39:01Z
oag,0,0.03065,0.03495,0.03515,12.783999999999999,2026-03-17T20:39:01Z
okz,0,0.01055,0.0092,0.01095,4.128,2026-03-17T20:39:01Z
owi,0,0.02,0.018,0.015,7.640000000000001,2026-03-17T20:39:01Z
owy,0,0.02215,0.01755,0.0172,8.293999999999999,2026-03-17T20:39:01Z
oxv,0,0.0214,0.01875,0.01775,8.202,2026-03-17T20:39:01Z
pdt,0,0.0349,0.0286,0.0311,13.304,2026-03-17T20:39:01Z
pks,0,0.02925,0.0347,0.04085,12.6,2026-03-17T20:39:01Z
pwo,0,0.04595,0.0513,0.05055,18.992,2026-03-17T20:39:01Z
pzg,0,0.02815,0.02065,0.01865,10.280000000000001,2026-03-17T20:39:01Z
qti,0,0.0401,0.0366,0.0347,15.543999999999997,2026-03-17T20:39:01Z
rfv,0,0.01665,0.0226,0.02055,7.292000000000001,2026-03-17T20:39:01Z
ukk,0,0.0446,0.0406,0.0388,17.288,2026-03-17T20:39:01Z
uzd,0,0.02235,0.02315,0.0207,8.937999999999999,2026-03-17T20:39:01Z
vmz,0,0.0107,0.0087,0.0085,4.032,2026-03-17T20:39:01Z
xbz,0,0.0292,0.02385,0.0294,11.259999999999998,2026-03-17T20:39:01Z
xfi,0,0.02945,0.02875,0.0269,11.622,2026-03-17T20:39:01Z
xym,0,0.02,0.02425,0.0282,8.668,2026-03-17T20:39:01Z
acr,0,0.01995,0.02215,0.01945,8.136,2026-03-17T20:40:40Z
amr,0,0.0101,0.0153,0.0141,4.616,2026-03-17T20:40:40Z
bba,0,0.04665,0.03835,0.0323,17.422,2026-03-17T20:40:40Z
bed,0,0.0294,0.0351,0.03415,12.405999999999999,2026-03-17T20:40:40Z
bmj,0,0.02045,0.02405,0.02665,8.716000000000001,2026-03-17T20:40:40Z
bwv,0,0.00595,0.0067,0.00795,2.5200000000000005,2026-03-17T20:40:40Z
bzl,0,0.04035,0.0423,0.0393,16.253999999999998,2026-03-17T20:40:40Z
cmo,0,0.0104,0.0099,0.012,4.184,2026-03-17T20:40:40Z
dit,0,0.01905,0.0236,0.02725,8.312,2026-03-17T20:40:40Z
dks,0,0.03745,0.03825,0.0464,15.402000000000001,2026-03-17T20:40:40Z
evy,0,0.02015,0.0138,0.01275,7.256000000000001,2026-03-17T20:40:40Z
fte,0,0.0455,0.04545,0.04,17.976,2026-03-17T20:40:40Z
gyw,0,0.02195,0.0146,0.01555,7.936000000000001,2026-03-17T20:40:40Z
lbm,0,0.02795,0.04065,0.0413,12.729999999999999,2026-03-17T20:40:40Z
mds,0,0.01175,0.01215,0.0099,4.658,2026-03-17T20:40:40Z
mgc,0,0.0057,0.00925,0.01095,2.7740000000000005,2026-03-17T20:40:40Z
mpd,0,0.0346,0.0255,0.02645,12.786,2026-03-17T20:40:40Z
msz,0,0.02705,0.0212,0.02395,10.228000000000002,2026-03-17T20:40:40Z
mvi,0,0.0136,0.0136,0.01435,5.469999999999999,2026-03-17T20:40:40Z
ngn,0,0.01855,0.01535,0.0202,7.2299999999999995,2026-03-17T20:40:40Z
njs,0,0.01085,0.0129,0.01225,4.5600000000000005,2026-03-17T20:40:40Z
nrh,0,0.0241,0.0243,0.02165,9.558,2026-03-17T20:40:40Z
nsj,0,0.0476,0.04,0.0326,17.832000000000004,2026-03-17T20:40:40Z
oag,0,0.02855,0.03805,0.03525,12.448,2026-03-17T20:40:40Z
okz,0,0.0088,0.00935,0.012,3.692,2026-03-17T20:40:40Z
owi,0,0.019,0.01575,0.0149,7.176,2026-03-17T20:40:40Z
owy,0,0.0231,0.02015,0.01625,8.73,2026-03-17T20:40:40Z
oxv,0,0.019,0.02075,0.01875,7.73,2026-03-17T20:40:40Z
pdt,0,0.03305,0.0309,0.03235,13.02,2026-03-17T20:40:40Z
pks,0,0.0273,0.0354,0.0396,12.060000000000002,2026-03-17T20:40:40Z
pwo,0,0.04805,0.0506,0.04575,19.332,2026-03-17T20:40:40Z
pzg,0,0.02935,0.023,0.0222,10.946,2026-03-17T20:40:40Z
qti,0,0.04215,0.0431,0.03875,16.8,2026-03-17T20:40:40Z
rfv,0,0.01995,0.0221,0.02045,8.172,2026-03-17T20:40:40Z
ukk,0,0.0435,0.0418,0.0421,17.208000000000002,2026-03-17T20:40:40Z
uzd,0,0.02405,0.02225,0.02355,9.456,2026-03-17T20:40:40Z
vmz,0,0.01115,0.00975,0.00785,4.216,2026-03-17T20:40:40Z
xbz,0,0.0268,0.024,0.0259,10.46,2026-03-17T20:40:40Z
xfi,0,0.02955,0.02645,0.03165,11.656000000000002,2026-03-17T20:40:40Z
xym,0,0.01755,0.02215,0.03125,7.936,2026-03-17T20:40:40Z
acr,0,0.02305,0.01915,0.0214,8.842,2026-03-17T20:48:40Z
amr,0,0.0113,0.01265,0.01365,4.7219999999999995,2026-03-17T20:48:40Z
bba,0,0.041,0.03855,0.03485,15.958000000000002,2026-03-17T20:48:40Z
bed,0,0.02985,0.03075,0.0327,12.126000000000001,2026-03-17T20:48:40Z
bmj,0,0.01895,0.02285,0.02575,8.164,2026-03-17T20:48:40Z
bwv,0,0.00645,0.00545,0.0071,2.526,2026-03-17T20:48:40Z
bzl,0,0.03885,0.0427,0.04255,15.996000000000002,2026-03-17T20:48:40Z
cmo,0,0.0083,0.00995,0.0121,3.604,2026-03-17T20:48:40Z
dit,0,0.015,0.02385,0.02845,7.246,2026-03-17T20:48:40Z
dks,0,0.0387,0.0402,0.04415,15.817999999999998,2026-03-17T20:48:40Z
evy,0,0.0232,0.0131,0.01195,8.021999999999998,2026-03-17T20:48:40Z
fte,0,0.04335,0.0458,0.04075,17.432000000000002,2026-03-17T20:48:40Z
gyw,0,0.0209,0.01445,0.0132,7.536,2026-03-17T20:48:40Z
lbm,0,0.03385,0.039,0.03885,14.152000000000001,2026-03-17T20:48:40Z
mds,0,0.01155,0.0129,0.01205,4.748,2026-03-17T20:48:40Z
mgc,0,0.005,0.00815,0.009,2.412,2026-03-17T20:48:40Z
mpd,0,0.03375,0.02595,0.0278,12.638,2026-03-17T20:48:40Z
msz,0,0.0237,0.0253,0.02395,9.618,2026-03-17T20:48:40Z
mvi,0,0.0122,0.0172,0.0147,5.380000000000001,2026-03-17T20:48:40Z
ngn,0,0.0174,0.0162,0.0176,6.872,2026-03-17T20:48:40Z
njs,0,0.01095,0.01285,0.01655,4.755999999999999,2026-03-17T20:48:40Z
nrh,0,0.0242,0.0225,0.02545,9.594,2026-03-17T20:48:40Z
nsj,0,0.0491,0.04295,0.0317,18.451999999999998,2026-03-17T20:48:40Z
oag,0,0.02785,0.03755,0.03595,12.24,2026-03-17T20:48:40Z
okz,0,0.0099,0.0095,0.01085,3.966,2026-03-17T20:48:40Z
owi,0,0.0209,0.01725,0.0163,7.884,2026-03-17T20:48:40Z
owy,0,0.0263,0.01895,0.0167,9.548000000000002,2026-03-17T20:48:40Z
oxv,0,0.0193,0.0212,0.0203,7.911999999999999,2026-03-17T20:48:40Z
pdt,0,0.0339,0.0338,0.03005,13.398000000000001,2026-03-17T20:48:40Z
pks,0,0.02895,0.03825,0.0423,12.858,2026-03-17T20:48:40Z
pwo,0,0.04975,0.0475,0.04655,19.592,2026-03-17T20:48:40Z
pzg,0,0.02515,0.021,0.02205,9.604,2026-03-17T20:48:40Z
qti,0,0.04365,0.0422,0.0362,17.046,2026-03-17T20:48:40Z
rfv,0,0.0179,0.02275,0.0222,7.720000000000001,2026-03-17T20:48:40Z
ukk,0,0.04405,0.03925,0.0419,17.150000000000002,2026-03-17T20:48:40Z
uzd,0,0.0219,0.02215,0.0209,8.74,2026-03-17T20:48:40Z
vmz,0,0.0125,0.00785,0.00825,4.458000000000001,2026-03-17T20:48:40Z
xbz,0,0.0291,0.0238,0.0263,11.104,2026-03-17T20:48:40Z
xfi,0,0.03045,0.02655,0.02735,11.744,2026-03-17T20:48:40Z
xym,0,0.01785,0.028,0.0296,8.422,2026-03-17T20:48:40Z
acr,0,0.02195,0.01985,0.0202,8.542000000000002,2026-03-17T20:58:28Z
amr,0,0.01205,0.014,0.01235,4.9879999999999995,2026-03-17T20:58:28Z
bba,0,0.04305,0.03965,0.03415,16.592,2026-03-17T20:58:28Z
bed,0,0.0315,0.0339,0.02885,12.686,2026-03-17T20:58:28Z
bmj,0,0.0187,0.02405,0.0249,8.156,2026-03-17T20:58:28Z
bwv,0,0.0064,0.00555,0.00645,2.4939999999999998,2026-03-17T20:58:28Z
bzl,0,0.0366,0.04495,0.03935,15.418,2026-03-17T20:58:28Z
cmo,0,0.0106,0.01295,0.01225,4.494,2026-03-17T20:58:28Z
dit,0,0.0157,0.0239,0.0278,7.42,2026-03-17T20:58:28Z
dks,0,0.0363,0.03835,0.0426,14.935999999999998,2026-03-17T20:58:28Z
evy,0,0.0196,0.0144,0.0158,7.271999999999999,2026-03-17T20:58:28Z
fte,0,0.0445,0.04875,0.0429,18.076,2026-03-17T20:58:28Z
gyw,0,0.0208,0.01455,0.015033333333333334,7.589333333333334,2026-03-17T20:58:28Z
lbm,0,0.03045,0.03985,0.04145,13.372,2026-03-17T20:58:28Z
mds,0,0.00985,0.0111,0.01305,4.168,2026-03-17T20:58:28Z
mgc,0,0.00555,0.0071,0.0092,2.49,2026-03-17T20:58:28Z
mpd,0,0.0305,0.02645,0.0236,11.6,2026-03-17T20:58:28Z
msz,0,0.0247,0.02245,0.02155,9.574,2026-03-17T20:58:28Z
mvi,0,0.01355,0.014,0.013283333333333334,5.445333333333333,2026-03-17T20:58:28Z
ngn,0,0.0161,0.01765,0.0234,6.856,2026-03-17T20:58:28Z
njs,0,0.0121,0.0145,0.0141,5.112,2026-03-17T20:58:28Z
nrh,0,0.02145,0.02475,0.0248,8.978,2026-03-17T20:58:28Z
nsj,0,0.0475,0.03835,0.03325,17.698,2026-03-17T20:58:28Z
oag,0,0.03135,0.03715,0.0354,13.166000000000002,2026-03-17T20:58:28Z
okz,0,0.0117,0.0083,0.01225,4.43,2026-03-17T20:58:28Z
owi,0,0.01995,0.017,0.0152,7.553999999999999,2026-03-17T20:58:28Z
owy,0,0.0255,0.01785,0.017083333333333336,9.251333333333333,2026-03-17T20:58:28Z
oxv,0,0.01855,0.01955,0.01935,7.532,2026-03-17T20:58:28Z
pdt,0,0.0337,0.02905,0.03035,12.973999999999998,2026-03-17T20:58:28Z
pks,0,0.0316,0.0346,0.0439,13.372,2026-03-17T20:58:28Z
pwo,0,0.0492,0.05015,0.04565,19.614,2026-03-17T20:58:28Z
pzg,0,0.0264,0.02215,0.02255,10.065999999999999,2026-03-17T20:58:28Z
qti,0,0.0421,0.0392,0.0459,16.759999999999998,2026-03-17T20:58:28Z
rfv,0,0.0183,0.0225,0.0202,7.731999999999999,2026-03-17T20:58:28Z
ukk,0,0.04305,0.04035,0.03805,16.804000000000002,2026-03-17T20:58:28Z
uzd,0,0.0261,0.02105,0.022,9.872,2026-03-17T20:58:28Z
vmz,0,0.0128,0.0104,0.00835,4.75,2026-03-17T20:58:28Z
xbz,0,0.02835,0.0267,0.02905,11.236,2026-03-17T20:58:28Z
xfi,0,0.03415,0.02835,0.02635,12.883999999999997,2026-03-17T20:58:28Z
xym,0,0.0177,0.0246,0.02805,8.046,2026-03-17T20:58:28Z
