ael,0,0.03895,0.03195,0.0265,14.522000000000002,2026-03-16T01:43:42Z
agb,0,0.0327,0.02775,0.025,12.376000000000001,2026-03-16T01:43:42Z
bxo,0,0.0225,0.0227,0.0176,8.82,2026-03-16T01:43:42Z
cfl,0,0.02885,0.01995,0.01895,10.432000000000002,2026-03-16T01:43:42Z
dsx,0,0.06245,0.063,0.06795,25.244,2026-03-16T01:43:42Z
eqp,0,0.0052,0.00585,0.00435,2.0980000000000003,2026-03-16T01:43:42Z
gsk,0,0.01865,0.01625,0.0181,7.246,2026-03-16T01:43:42Z
gwi,0,0.0075,0.0053,0.00645,2.782,2026-03-16T01:43:42Z
hly,0,0.00935,0.01245,0.0137,4.162000000000001,2026-03-16T01:43:42Z
hss,0,0.0091,0.00855,0.0065,3.492000000000001,2026-03-16T01:43:42Z
hyb,0,0.00745,0.01105,0.00995,3.3680000000000003,2026-03-16T01:43:42Z
icj,0,0.0046,0.0033,0.00415,1.718,2026-03-16T01:43:42Z
ihw,0,0.0117,0.013,0.013,4.835999999999999,2026-03-16T01:43:42Z
ikl,0,0.02835,0.0271,0.02845,11.244,2026-03-16T01:43:42Z
jrj,0,0.01505,0.01645,0.022433333333333333,6.4273333333333325,2026-03-16T01:43:42Z
kbh,0,0.0459,0.0454,0.0455,18.304000000000002,2026-03-16T01:43:42Z
keu,0,0.0164,0.0124,0.0127,6.092,2026-03-16T01:43:42Z
kqf,0,0.02775,0.0278,0.02585,11.028,2026-03-16T01:43:42Z
lfb,0,0.01965,0.02015,0.01945,7.892,2026-03-16T01:43:42Z
lkn,0,0.076550000000000007,0.0601,0.06253333333333334,28.743333333333332,2026-03-16T01:43:42Z
nje,0,0.009,0.00885,0.01045,3.646,2026-03-16T01:43:42Z
nsr,0,0.08095,0.0643,0.0529,29.925999999999995,2026-03-16T01:43:42Z
obb,0,0.005,0.0051,0.00605,2.0500000000000003,2026-03-16T01:43:42Z
pho,0,0.0278,0.0216,0.01985,10.306,2026-03-16T01:43:42Z
qfx,0,0.00565,0.0066,0.00665,2.376,2026-03-16T01:43:42Z
qyy,0,0.01645,0.02055,0.0235,7.1899999999999995,2026-03-16T01:43:42Z
rdy,0,0.02645,0.02865,0.02555,10.72,2026-03-16T01:43:42Z
sdv,0,0.0272,0.02565,0.02335,10.601999999999999,2026-03-16T01:43:42Z
tdh,0,0.02775,0.0391,0.049,12.858,2026-03-16T01:43:42Z
tnd,0,0.02795,0.03575,0.04068333333333333,12.313333333333334,2026-03-16T01:43:42Z
tnj,0,0.02355,0.0335,0.0309,10.51,2026-03-16T01:43:42Z
vbv,0,0.01385,0.01385,0.01475,5.576,2026-03-16T01:43:42Z
wev,0,0.03095,0.0379,0.0365,13.157999999999998,2026-03-16T01:43:42Z
wow,0,0.0469,0.05875,0.0534,19.968,2026-03-16T01:43:42Z
wsk,0,0.0298,0.0342,0.03495,12.478,2026-03-16T01:43:42Z
xkm,0,0.0109,0.0074,0.00815,3.9700000000000006,2026-03-16T01:43:42Z
xmx,0,0.02825,0.0273,0.0287,11.242,2026-03-16T01:43:42Z
xyl,0,0.02385,0.0319,0.03235,10.524000000000001,2026-03-16T01:43:42Z
ync,0,0.04205,0.04255,0.04715,17.064,2026-03-16T01:43:42Z
yys,0,0.00705,0.006,0.00605,2.696,2026-03-16T01:43:42Z
acj,0,0.0068,0.00685,0.0067,2.7199999999999998,2026-03-18T17:04:52Z
cea,0,0.0199,0.02485,0.02435,8.534,2026-03-18T17:04:52Z
crn,0,0.03695,0.0409,0.04425,15.388,2026-03-18T17:04:52Z
dwi,0,0.05605,0.0739,0.0745,24.586000000000002,2026-03-18T17:04:52Z
efc,0,0.05685,0.05625,0.0512,22.466,2026-03-18T17:04:52Z
end,0,0.0278,0.0285,0.02785,11.177999999999999,2026-03-18T17:04:52Z
fan,0,0.04415,0.0439,0.04765,17.78,2026-03-18T17:04:52Z
gbu,0,0.0187,0.02095,0.02095,7.75,2026-03-18T17:04:52Z
gxw,0,0.00715,0.00975,0.0111,3.226,2026-03-18T17:04:52Z
hjq,0,0.00915,0.00525,0.0074,3.2779999999999996,2026-03-18T17:04:52Z
jmw,0,0.02965,0.032,0.03125,12.111999999999998,2026-03-18T17:04:52Z
mgp,0,0.0075,0.0078,0.01015,3.1299999999999994,2026-03-18T17:04:52Z
mgs,0,0.02305,0.0261,0.0298,9.734,2026-03-18T17:04:52Z
nht,0,0.00895,0.0134,0.0142,4.146,2026-03-18T17:04:52Z
nko,0,0.0054,0.0079,0.00965,2.5300000000000002,2026-03-18T17:04:52Z
nvo,0,0.0262,0.0211,0.0222,9.912,2026-03-18T17:04:52Z
ogf,0,0.1123,0.0644,0.0544,38.772000000000006,2026-03-18T17:04:52Z
olh,0,0.03485,0.0319,0.0324,13.605999999999998,2026-03-18T17:04:52Z
pcv,0,0.0205,0.0288,0.0299,9.24,2026-03-18T17:04:52Z
pfs,0,0.0202,0.02005,0.01955,8.042,2026-03-18T17:04:52Z
qea,0,0.0014,0.0017,0.0013,0.58,2026-03-18T17:04:52Z
qex,0,0.02455,0.0261,0.03055,10.184,2026-03-18T17:04:52Z
qfx,0,0.00835,0.0097,0.0093,3.486,2026-03-18T17:04:52Z
qhh,0,0.0302,0.0213,0.0193,10.931999999999999,2026-03-18T17:04:52Z
qht,0,0.00555,0.0043,0.00485,2.092,2026-03-18T17:04:52Z
rpk,0,0.0291,0.0151,0.0144,9.932,2026-03-18T17:04:52Z
ssm,0,0.025,0.026,0.0255,10.1,2026-03-18T17:04:52Z
tah,0,0.02955,0.0311,0.02995,11.959999999999999,2026-03-18T17:04:52Z
txb,0,0.0274,0.0362,0.03445,11.945999999999998,2026-03-18T17:04:52Z
txh,0,0.01335,0.0126,0.01125,5.196000000000001,2026-03-18T17:04:52Z
uue,0,0.03205,0.03065,0.03065,12.652000000000001,2026-03-18T17:04:52Z
wcz,0,0.052,0.06295,0.0538,21.747999999999998,2026-03-18T17:04:52Z
wez,0,0.0124,0.01115,0.01105,4.806,2026-03-18T17:04:52Z
xbe,0,0.00695,0.00505,0.00325,2.48,2026-03-18T17:04:52Z
yar,0,0.031,0.0359,0.0363,13.004,2026-03-18T17:04:52Z
yas,0,0.0063,0.0054,0.0056,2.4200000000000004,2026-03-18T17:04:52Z
zpa,0,0.02575,0.0313,0.0326,11.018,2026-03-18T17:04:52Z
zqy,0,0.0161,0.01465,0.0154,6.295999999999999,2026-03-18T17:04:52Z
ztm,0,0.0347,0.03825,0.0409,14.412,2026-03-18T17:04:52Z
zza,0,0.0162,0.01605,0.02015,6.6259999999999994,2026-03-18T17:04:52Z
aio,0,0.07215,0.05673333333333334,0.05921666666666666,27.109333333333336,2026-03-18T17:13:59Z
aop,0,0.03955,0.03645,0.0313,15.242000000000003,2026-03-18T17:13:59Z
bms,0,0.06305,0.0762,0.0712,26.598000000000003,2026-03-18T17:13:59Z
bmy,0,0.00825,0.00555,0.00765,3.0600000000000005,2026-03-18T17:13:59Z
brg,0,0.03875,0.04685,0.04071666666666667,16.226666666666667,2026-03-18T17:13:59Z
bso,0,0.0344,0.03475,0.0375,13.911999999999999,2026-03-18T17:13:59Z
bvt,0,0.02935,0.03195,0.0338,12.126000000000001,2026-03-18T17:13:59Z
ccd,0,0.00915,0.0125,0.01125,4.012,2026-03-18T17:13:59Z
cta,0,0.0097,0.013,0.01355,4.298,2026-03-18T17:13:59Z
ctf,0,0.04235,0.0286,0.0302,15.354000000000001,2026-03-18T17:13:59Z
cuo,0,0.04925,0.05095,0.04803333333333333,19.787333333333333,2026-03-18T17:13:59Z
eim,0,0.0269,0.0209,0.02365,10.149999999999999,2026-03-18T17:13:59Z
ety,0,0.033,0.03783333333333333,0.03655,13.728666666666665,2026-03-18T17:13:59Z
fcz,0,0.0057,0.0065,0.00685,2.39,2026-03-18T17:13:59Z
fox,0,0.014,0.0112,0.011083333333333332,5.259333333333334,2026-03-18T17:13:59Z
gce,0,0.00415,0.00375,0.0043,1.634,2026-03-18T17:13:59Z
gnn,0,0.0061,0.0056,0.0057,2.384,2026-03-18T17:13:59Z
hak,0,0.0217,0.02425,0.02355,8.958000000000002,2026-03-18T17:13:59Z
hfa,0,0.0291,0.0283,0.02915,11.578,2026-03-18T17:13:59Z
hlg,0,0.0162,0.0198,0.02245,7.018,2026-03-18T17:13:59Z
kpq,0,0.00795,0.008,0.00615,3.112,2026-03-18T17:13:59Z
lme,0,0.0222,0.0195,0.0184,8.512,2026-03-18T17:13:59Z
lrq,0,0.00635,0.00505,0.0053,2.3939999999999997,2026-03-18T17:13:59Z
mts,0,0.0338,0.03265,0.0294,13.251999999999997,2026-03-18T17:13:59Z
mzv,0,0.05685,0.05085,0.05068333333333333,22.013333333333335,2026-03-18T17:13:59Z
ofn,0,0.03055,0.0411,0.0367,13.310000000000002,2026-03-18T17:13:59Z
oin,0,0.01265,0.0144,0.01485,5.288,2026-03-18T17:13:59Z
owi,0,0.0122,0.0123,0.011,4.84,2026-03-18T17:13:59Z
qcf,0,0.0079,0.00865,0.0079,3.22,2026-03-18T17:13:59Z
rbh,0,0.01745,0.01495,0.01345,6.62,2026-03-18T17:13:59Z
txz,0,0.01365,0.0115,0.012533333333333332,5.243333333333334,2026-03-18T17:13:59Z
ueh,0,0.0338,0.03115,0.0398,13.548,2026-03-18T17:13:59Z
vwe,0,0.0171,0.01975,0.0197,7.156000000000001,2026-03-18T17:13:59Z
vza,0,0.02085,0.02385,0.0254,8.762,2026-03-18T17:13:59Z
wir,0,0.022,0.0176,0.01655,8.23,2026-03-18T17:13:59Z
wmt,0,0.01595,0.01585,0.0175,6.433999999999999,2026-03-18T17:13:59Z
xtp,0,0.0246,0.0281,0.02685,10.209999999999999,2026-03-18T17:13:59Z
ykg,0,0.01415,0.0163,0.021033333333333334,6.107333333333333,2026-03-18T17:13:59Z
ymz,0,0.0323,0.0387,0.04603333333333333,13.981333333333332,2026-03-18T17:13:59Z
ywg,0,0.0449,0.03808333333333333,0.03306666666666667,16.941333333333336,2026-03-18T17:13:59Z
ajg,0,0.01625,0.0235,0.02165,7.296,2026-03-18T17:23:55Z
awp,0,0.0147,0.01375,0.0122,5.703999999999999,2026-03-18T17:23:55Z
cuj,0,0.02675,0.0315,0.0357,11.437999999999999,2026-03-18T17:23:55Z
cyg,0,0.03055,0.0362,0.0348,12.842,2026-03-18T17:23:55Z
dji,0,0.0078,0.0069,0.00915,3.102,2026-03-18T17:23:55Z
dne,0,0.05475,0.05463333333333334,0.05123333333333334,21.75,2026-03-18T17:23:55Z
drt,0,0.0075,0.0123,0.01725,3.774,2026-03-18T17:23:55Z
dze,0,0.0043,0.0059,0.0039,1.832,2026-03-18T17:23:55Z
elx,0,0.01495,0.01485,0.01445,5.952,2026-03-18T17:23:55Z
ffc,0,0.02585,0.02395,0.0224,10.049999999999999,2026-03-18T17:23:55Z
gpq,0,0.0209,0.0132,0.01635,7.561999999999999,2026-03-18T17:23:55Z
htc,0,0.0353,0.0311,0.03195,13.649999999999999,2026-03-18T17:23:55Z
jvo,0,0.0113,0.0093,0.00875,4.257999999999999,2026-03-18T17:23:55Z
jzt,0,0.012,0.01335,0.0133,4.96,2026-03-18T17:23:55Z
khg,0,0.0218,0.02345,0.02265,8.886000000000001,2026-03-18T17:23:55Z
kni,0,0.03395,0.03625,0.03715,13.892,2026-03-18T17:23:55Z
laa,0,0.04275,0.0305,0.0264,15.466,2026-03-18T17:23:55Z
lhs,0,0.0427,0.04925,0.04745,17.793999999999997,2026-03-18T17:23:55Z
lyg,0,0.051,0.03463333333333333,0.03588333333333333,18.485999999999997,2026-03-18T17:23:55Z
mwb,0,0.016,0.01495,0.017,6.356,2026-03-18T17:23:55Z
nbj,0,0.01745,0.01795,0.0192,7.090000000000001,2026-03-18T17:23:55Z
nda,0,0.0031,0.00255,0.0021,1.1560000000000001,2026-03-18T17:23:55Z
ocd,0,0.02335,0.02805,0.0303,9.993999999999998,2026-03-18T17:23:55Z
ozb,0,0.0148,0.01505,0.01535,5.962,2026-03-18T17:23:55Z
pzu,0,0.01815,0.02595,0.02845,8.296,2026-03-18T17:23:55Z
qiv,0,0.0039,0.0043,0.0036,1.58,2026-03-18T17:23:55Z
rig,0,0.03085,0.03915,0.0409,13.406,2026-03-18T17:23:55Z
rup,0,0.01935,0.02885,0.03345,9.064,2026-03-18T17:23:55Z
rvc,0,0.0063,0.01,0.0111,3.008,2026-03-18T17:23:55Z
smw,0,0.06915,0.05345,0.04675,25.508000000000003,2026-03-18T17:23:55Z
swa,0,0.01825,0.0155,0.0147,6.938,2026-03-18T17:23:55Z
uge,0,0.03255,0.033,0.0346,13.138000000000003,2026-03-18T17:23:55Z
ukc,0,0.0315,0.0335,0.0331,12.824,2026-03-18T17:23:55Z
uva,0,0.0187,0.0121,0.01065,6.630000000000001,2026-03-18T17:23:55Z
uvn,0,0.06975,0.07068333333333333,0.07393333333333334,28.142,2026-03-18T17:23:55Z
wnm,0,0.01835,0.02375,0.0228,7.949999999999999,2026-03-18T17:23:55Z
wye,0,0.02055,0.02355,0.0207,8.466,2026-03-18T17:23:55Z
yax,0,0.0188,0.0214,0.0221,7.86,2026-03-18T17:23:55Z
ysx,0,0.01495,0.01025,0.0117,5.473999999999998,2026-03-18T17:23:55Z
zzv,0,0.0591,0.0515,0.0449,22.464000000000006,2026-03-18T17:23:55Z
aha,0,0.0325,0.0336,0.0376,13.292000000000002,2026-03-18T17:34:18Z
bau,0,0.01955,0.0244,0.0281,8.55,2026-03-18T17:34:18Z
bgt,0,0.0141,0.014,0.01345,5.606,2026-03-18T17:34:18Z
bnw,0,0.0039,0.00795,0.0079,2.0440000000000005,2026-03-18T17:34:18Z
csr,0,0.0279,0.0237,0.0257,10.735999999999999,2026-03-18T17:34:18Z
drk,0,0.0501,0.05805,0.0592,21.04,2026-03-18T17:34:18Z
ews,0,0.0041,0.00575,0.0056,1.832,2026-03-18T17:34:18Z
fjt,0,0.01505,0.00785,0.00925,5.212,2026-03-18T17:34:18Z
fvr,0,0.00685,0.0071,0.00955,2.868,2026-03-18T17:34:18Z
gws,0,0.09165,0.07765,0.0695,34.653999999999996,2026-03-18T17:34:18Z
hde,0,0.0257,0.028,0.02645,10.494,2026-03-18T17:34:18Z
ish,0,0.0145,0.01795,0.01735,6.190000000000001,2026-03-18T17:34:18Z
jfu,0,0.00925,0.01355,0.0143,4.2459999999999996,2026-03-18T17:34:18Z
jpu,0,0.0138,0.01765,0.0223,6.168,2026-03-18T17:34:18Z
jsj,0,0.0164,0.0131,0.0152,6.248,2026-03-18T17:34:18Z
kbg,0,0.0159,0.01555,0.01555,6.3180000000000005,2026-03-18T17:34:18Z
kjl,0,0.033,0.02865,0.0319,12.808,2026-03-18T17:34:18Z
lqo,0,0.03705,0.03975,0.03545,14.971999999999998,2026-03-18T17:34:18Z
nib,0,0.0057,0.0045,0.00565,2.1820000000000004,2026-03-18T17:34:18Z
nrv,0,0.01855,0.01495,0.01615,7.036,2026-03-18T17:34:18Z
oov,0,0.0063,0.00745,0.00545,2.578,2026-03-18T17:34:18Z
pjy,0,0.0206,0.01715,0.01375,7.69,2026-03-18T17:34:18Z
prc,0,0.03295,0.03795,0.0404,13.878,2026-03-18T17:34:18Z
rwf,0,0.03575,0.04115,0.03865,14.847999999999999,2026-03-18T17:34:18Z
shs,0,0.05675,0.05855,0.0564,22.83,2026-03-18T17:34:18Z
spn,0,0.03255,0.02565,0.0255,12.186000000000002,2026-03-18T17:34:18Z
szj,0,0.02295,0.02585,0.0265,9.554,2026-03-18T17:34:18Z
tdd,0,0.02635,0.02545,0.02415,10.38,2026-03-18T17:34:18Z
ttx,0,0.01125,0.01025,0.011,4.41,2026-03-18T17:34:18Z
tye,0,0.0219,0.01995,0.01895,8.485999999999999,2026-03-18T17:34:18Z
xex,0,0.0095,0.0129,0.01655,4.354,2026-03-18T17:34:18Z
xmc,0,0.012,0.01545,0.0224,5.492,2026-03-18T17:34:18Z
xoa,0,0.0361,0.034,0.03745,14.325999999999999,2026-03-18T17:34:18Z
yfx,0,0.0139,0.01435,0.0172,5.728,2026-03-18T17:34:18Z
yid,0,0.0237,0.02975,0.0288,10.168,2026-03-18T17:34:18Z
ylj,0,0.0398,0.03165,0.02755,14.778,2026-03-18T17:34:18Z
yuu,0,0.0241,0.03205,0.0244,10.288,2026-03-18T17:34:18Z
yyq,0,0.05525,0.04925,0.0456,21.233999999999998,2026-03-18T17:34:18Z
zbi,0,0.0041,0.00695,0.006,1.944,2026-03-18T17:34:18Z
zdg,0,0.05865,0.05055,0.04715,22.352000000000004,2026-03-18T17:34:18Z
alt,0,0.015,0.01445,0.01175,5.8260000000000005,2026-03-18T17:44:10Z
bau,0,0.0405,0.0436,0.04335,16.562,2026-03-18T17:44:10Z
boe,0,0.05325,0.0553,0.05725,21.624,2026-03-18T17:44:10Z
bpo,0,0.05045,0.04105,0.04285,19.124000000000002,2026-03-18T17:44:10Z
cha,0,0.0201,0.025,0.0308,8.86,2026-03-18T17:44:10Z
cke,0,0.0255,0.02465,0.02185,9.986,2026-03-18T17:44:10Z
cvw,0,0.03605,0.0393,0.0371,14.722,2026-03-18T17:44:10Z
cyd,0,0.0074,0.00705,0.00755,2.938,2026-03-18T17:44:10Z
dhw,0,0.07325,0.05095,0.04845,26.523999999999997,2026-03-18T17:44:10Z
dof,0,0.04215,0.047,0.04475,17.352,2026-03-18T17:44:10Z
edg,0,0.0134,0.01475,0.02055,5.7540000000000004,2026-03-18T17:44:10Z
eke,0,0.0154,0.01715,0.0202,6.492,2026-03-18T17:44:10Z
evm,0,0.0135,0.0169,0.01605,5.774,2026-03-18T17:44:10Z
eyu,0,0.0133,0.0163,0.0159,5.663999999999999,2026-03-18T17:44:10Z
fhb,0,0.04645,0.05895,0.05335,19.856,2026-03-18T17:44:10Z
fmz,0,0.0121,0.0126,0.01535,5.01,2026-03-18T17:44:10Z
gsm,0,0.0059,0.00625,0.0059,2.388,2026-03-18T17:44:10Z
her,0,0.0178,0.01805,0.0157,7.056,2026-03-18T17:44:10Z
hth,0,0.0116,0.0163,0.0166,5.215999999999999,2026-03-18T17:44:10Z
ipo,0,0.0269,0.02065,0.02135,10.038,2026-03-18T17:44:10Z
iwj,0,0.0098,0.00485,0.004,3.292,2026-03-18T17:44:10Z
jps,0,0.02765,0.02825,0.0301,11.206,2026-03-18T17:44:10Z
lmu,0,0.02735,0.0272,0.026950000000000002,10.912000000000003,2026-03-18T17:44:10Z
loo,0,0.01175,0.0107,0.0086,4.49,2026-03-18T17:44:10Z
pfe,0,0.02735,0.0305,0.02845,11.235999999999999,2026-03-18T17:44:10Z
pfj,0,0.02085,0.01855,0.0218,8.193999999999999,2026-03-18T17:44:10Z
qgb,0,0.0078,0.01205,0.01045,3.566,2026-03-18T17:44:10Z
qhv,0,0.0268,0.0299,0.031,11.136,2026-03-18T17:44:10Z
qld,0,0.0212,0.02865,0.0313,9.48,2026-03-18T17:44:10Z
qoo,0,0.03335,0.0305,0.0291,12.942,2026-03-18T17:44:10Z
rfe,0,0.02735,0.02785,0.0282,11.014,2026-03-18T17:44:10Z
rqs,0,0.01985,0.017,0.01725,7.607999999999999,2026-03-18T17:44:10Z
src,0,0.00905,0.00535,0.0042,3.13,2026-03-18T17:44:10Z
tax,0,0.03765,0.03645,0.0363,14.91,2026-03-18T17:44:10Z
tej,0,0.03475,0.0286,0.0274,13.113999999999999,2026-03-18T17:44:10Z
tqv,0,0.01065,0.0073,0.00825,3.896000000000001,2026-03-18T17:44:10Z
wez,0,0.0155,0.0221,0.02465,7.094,2026-03-18T17:44:10Z
wlb,0,0.02015,0.02135,0.022,8.23,2026-03-18T17:44:10Z
xbf,0,0.0135,0.01945,0.01585,5.97,2026-03-18T17:44:10Z
yyu,0,0.05765,0.04715,0.0475,21.814,2026-03-18T17:44:10Z
adb,0,0.014,0.0193,0.02,6.107399999999999,2026-03-18T17:54:21Z
afw,0,0.0143,0.01585,0.01705,5.80515,2026-03-18T17:54:21Z
avq,0,0.0488,0.04375,0.04435,18.464550000000003,2026-03-18T17:54:21Z
ayu,0,0.0126,0.01565,0.0166,5.3079,2026-03-18T17:54:21Z
bkz,0,0.01275,0.01085,0.0108,4.74825,2026-03-18T17:54:21Z
cew,0,0.02125,0.02265,0.0236,8.488350000000002,2026-03-18T17:54:21Z
cpa,0,0.02885,0.02845,0.0309,11.30025,2026-03-18T17:54:21Z
dvb,0,0.03095,0.03375,0.03045,12.2694,2026-03-18T17:54:21Z
eql,0,0.0197,0.02175,0.02655,8.11005,2026-03-18T17:54:21Z
gqj,0,0.0212,0.01785,0.0154,7.7805,2026-03-18T17:54:21Z
hpq,0,0.0038,0.0042,0.0047,1.5483,2026-03-18T17:54:21Z
jdu,0,0.04125,0.03275,0.02825,14.9175,2026-03-18T17:54:21Z
jvo,0,0.01975,0.01735,0.01635,7.382700000000001,2026-03-18T17:54:21Z
lmy,0,0.01955,0.02415,0.02865,8.3382,2026-03-18T17:54:21Z
lpn,0,0.033,0.02725,0.0268,12.1797,2026-03-18T17:54:21Z
mtn,0,0.03025,0.04035,0.0425,13.063049999999999,2026-03-18T17:54:21Z
omd,0,0.0329,0.0389,0.04075,13.60515,2026-03-18T17:54:21Z
ovr,0,0.0152,0.01875,0.02095,6.42915,2026-03-18T17:54:21Z
qhs,0,0.01985,0.0233,0.0288,8.35965,2026-03-18T17:54:21Z
qkk,0,0.02845,0.02975,0.0305,11.276850000000001,2026-03-18T17:54:21Z
qmf,0,0.0426,0.04545,0.04315,16.85775,2026-03-18T17:54:21Z
rtn,0,0.01225,0.01225,0.01275,4.797000000000001,2026-03-18T17:54:21Z
tey,0,0.056,0.0448,0.04075,20.37165,2026-03-18T17:54:21Z
tte,0,0.0473,0.0454,0.04085,18.04725,2026-03-18T17:54:21Z
txd,0,0.01205,0.01335,0.0124,4.81455,2026-03-18T17:54:21Z
usx,0,0.0288,0.0402,0.04425,12.72375,2026-03-18T17:54:21Z
vie,0,0.01945,0.01375,0.0132,6.897149999999999,2026-03-18T17:54:21Z
vxa,0,0.0098,0.009,0.00855,3.7108499999999998,2026-03-18T17:54:21Z
wge,0,0.0088,0.008,0.008733333333333333,3.367,2026-03-18T17:54:21Z
wqx,0,0.0276,0.02815,0.0286,10.8459,2026-03-18T17:54:21Z
wvh,0,0.0355,0.0356,0.03775,13.94055,2026-03-18T17:54:21Z
wxu,0,0.04455,0.04745,0.05015,17.8191,2026-03-18T17:54:21Z
xrc,0,0.0129,0.0117,0.0089,4.7814000000000005,2026-03-18T17:54:21Z
xyh,0,0.0105,0.0055,0.00565,3.5158500000000004,2026-03-18T17:54:21Z
yan,0,0.0122,0.02005,0.0267,5.9358,2026-03-18T17:54:21Z
yap,0,0.0681,0.05405,0.04388333333333333,24.518649999999997,2026-03-18T17:54:21Z
ydk,0,0.06095,0.0566,0.04625,22.857899999999997,2026-03-18T17:54:21Z
yoo,0,0.0159,0.0167,0.018533333333333336,6.3661,2026-03-18T17:54:21Z
yuw,0,0.00635,0.0054,0.005,2.34975,2026-03-18T17:54:21Z
auw,0,0.0113,0.01175,0.0121,4.588,2026-03-18T18:04:32Z
bfy,0,0.01735,0.01845,0.01735,7.028,2026-03-18T18:04:32Z
bpf,0,0.00675,0.0048,0.0051,2.4779999999999998,2026-03-18T18:04:32Z
buu,0,0.02095,0.0155,0.01795,7.824,2026-03-18T18:04:32Z
cgs,0,0.02965,0.03398333333333333,0.03523333333333333,12.43,2026-03-18T18:04:32Z
del,0,0.01165,0.0103,0.00965,4.472000000000001,2026-03-18T18:04:32Z
ecd,0,0.01045,0.0153,0.0141,4.7139999999999995,2026-03-18T18:04:32Z
ecr,0,0.0059,0.00645,0.0077,2.476,2026-03-18T18:04:32Z
gjm,0,0.01815,0.01915,0.0179,7.33,2026-03-18T18:04:32Z
hkr,0,0.0162,0.0117,0.01235,5.966,2026-03-18T18:04:32Z
hrv,0,0.0195,0.0174,0.0193,7.6240000000000006,2026-03-18T18:04:32Z
jfr,0,0.0299,0.0284,0.02935,11.818,2026-03-18T18:04:32Z
juv,0,0.02125,0.029,0.02805,9.392,2026-03-18T18:04:32Z
jwn,0,0.0174,0.0193,0.0216,7.279999999999999,2026-03-18T18:04:32Z
jzo,0,0.0262,0.02265,0.0246,10.132000000000001,2026-03-18T18:04:32Z
kxo,0,0.0381,0.0471,0.0404,16.052,2026-03-18T18:04:32Z
liu,0,0.0581,0.043,0.0407,21.336,2026-03-18T18:04:32Z
lzs,0,0.01815,0.01115,0.01055,6.395999999999999,2026-03-18T18:04:32Z
mtf,0,0.02865,0.0319,0.0297,11.761999999999999,2026-03-18T18:04:32Z
nel,0,0.0089,0.00685,0.00955,3.422,2026-03-18T18:04:32Z
npo,0,0.02,0.023583333333333335,0.03058333333333333,8.71,2026-03-18T18:04:32Z
obt,0,0.01245,0.01625,0.01745,5.484,2026-03-18T18:04:32Z
ock,0,0.01495,0.0139,0.01695,5.975999999999999,2026-03-18T18:04:32Z
pxv,0,0.0288,0.02635,0.02715,11.258,2026-03-18T18:04:32Z
pxz,0,0.07605,0.06675,0.0638,29.186,2026-03-18T18:04:32Z
qfa,0,0.0235,0.01805,0.02035,8.838000000000001,2026-03-18T18:04:32Z
rar,0,0.0156,0.02765,0.0246,7.564,2026-03-18T18:04:32Z
rfb,0,0.0797,0.06655,0.06435,30.214,2026-03-18T18:04:32Z
rqw,0,0.0689,0.05918333333333334,0.05478333333333334,26.218,2026-03-18T18:04:32Z
rus,0,0.02045,0.02675,0.0265,8.926,2026-03-18T18:04:32Z
rxl,0,0.0218,0.0209,0.0188,8.528,2026-03-18T18:04:32Z
vcl,0,0.03105,0.0324,0.0443,13.058,2026-03-18T18:04:32Z
vri,0,0.0191,0.01915,0.02165,7.7459999999999996,2026-03-18T18:04:32Z
wsj,0,0.01215,0.01815,0.0228,5.766,2026-03-18T18:04:32Z
yex,0,0.01345,0.01615,0.0173,5.750000000000001,2026-03-18T18:04:32Z
yon,0,0.01695,0.01925,0.01725,6.976,2026-03-18T18:04:32Z
ywa,0,0.03965,0.0525,0.0424,16.997999999999998,2026-03-18T18:04:32Z
zat,0,0.03765,0.0376,0.03315,14.876000000000001,2026-03-18T18:04:32Z
zcu,0,0.0191,0.0217,0.01975,7.873999999999999,2026-03-18T18:04:32Z
zro,0,0.0142,0.01305,0.01285,5.534,2026-03-18T18:04:32Z
aep,0,0.04335,0.04695,0.04455,17.234099999999998,2026-03-18T18:13:34Z
aso,0,0.02805,0.02905,0.0276,10.99995,2026-03-18T18:13:34Z
byn,0,0.011,0.01395,0.0153,4.687799999999999,2026-03-18T18:13:34Z
cgv,0,0.0226,0.0186,0.02285,8.51175,2026-03-18T18:13:34Z
dcd,0,0.00875,0.0116,0.01115,3.7283999999999997,2026-03-18T18:13:34Z
elp,0,0.04455,0.0397,0.04475,17.004,2026-03-18T18:13:34Z
eqb,0,0.1027,0.0786,0.0758,37.1241,2026-03-18T18:13:34Z
gyk,0,0.0203,0.02465,0.0274,8.5332,2026-03-18T18:13:34Z
hxp,0,0.0091,0.00775,0.0077,3.3891,2026-03-18T18:13:34Z
hyw,0,0.02345,0.01705,0.0162,8.363549999999998,2026-03-18T18:13:34Z
ifm,0,0.0075,0.00695,0.00875,2.93085,2026-03-18T18:13:34Z
ivr,0,0.03195,0.0367,0.03515,12.9558,2026-03-18T18:13:34Z
jop,0,0.0057,0.0068,0.00655,2.34195,2026-03-18T18:13:34Z
jwg,0,0.02785,0.0192,0.022,9.95865,2026-03-18T18:13:34Z
ken,0,0.0046,0.00545,0.0069,1.9500000000000002,2026-03-18T18:13:34Z
kqq,0,0.02705,0.02725,0.02615,10.530000000000001,2026-03-18T18:13:34Z
kte,0,0.02115,0.0337,0.03255,9.671999999999999,2026-03-18T18:13:34Z
kvu,0,0.0309,0.02525,0.02345,11.31975,2026-03-18T18:13:34Z
ldb,0,0.01085,0.01465,0.01765,4.793100000000001,2026-03-18T18:13:34Z
lxu,0,0.03915,0.0365,0.0348,14.892149999999999,2026-03-18T18:13:34Z
mcq,0,0.0491,0.05495,0.0551,19.8393,2026-03-18T18:13:34Z
myl,0,0.0069,0.0086,0.008,2.8665000000000003,2026-03-18T18:13:34Z
nab,0,0.02815,0.035,0.0358,11.81115,2026-03-18T18:13:34Z
niy,0,0.03305,0.03495,0.03205,12.998700000000001,2026-03-18T18:13:34Z
nxx,0,0.0445,0.0465,0.0464,17.585099999999997,2026-03-18T18:13:34Z
pjb,0,0.00765,0.0135,0.00995,3.5295,2026-03-18T18:13:34Z
pjz,0,0.0205,0.0228,0.0288,8.4981,2026-03-18T18:13:34Z
pse,0,0.0082,0.0069,0.0089,3.123900000000001,2026-03-18T18:13:34Z
qsy,0,0.02235,0.0161,0.01455,7.924799999999999,2026-03-18T18:13:34Z
qzt,0,0.03435,0.04995,0.0577,15.523950000000001,2026-03-18T18:13:34Z
rjv,0,0.0112,0.00985,0.01005,4.217849999999999,2026-03-18T18:13:34Z
spx,0,0.0064,0.003,0.00355,2.11965,2026-03-18T18:13:34Z
szg,0,0.0112,0.0119,0.0136,4.5162,2026-03-18T18:13:34Z
tbb,0,0.0154,0.0195,0.02,6.5052,2026-03-18T18:13:34Z
vfr,0,0.0327,0.03175,0.03185,12.64575,2026-03-18T18:13:34Z
vlr,0,0.05675,0.0586,0.05065,22.038899999999998,2026-03-18T18:13:34Z
vnd,0,0.0064,0.0051,0.00465,2.32635,2026-03-18T18:13:34Z
wdp,0,0.01725,0.01505,0.01315,6.396,2026-03-18T18:13:34Z
yvr,0,0.0674,0.05565,0.048,24.6129,2026-03-18T18:13:34Z
auz,0,0.0118,0.0171,0.01885,5.426,2026-03-18T18:24:14Z
avp,0,0.0129,0.01505,0.01825,5.545999999999999,2026-03-18T18:24:14Z
bay,0,0.0306,0.0247,0.02775,11.654,2026-03-18T18:24:14Z
cya,0,0.0136,0.01075,0.011933333333333332,5.145333333333333,2026-03-18T18:24:14Z
dfm,0,0.006,0.00495,0.00505,2.278,2026-03-18T18:24:14Z
dlh,0,0.01455,0.01855,0.0197,6.345999999999999,2026-03-18T18:24:14Z
dtg,0,0.02825,0.03955,0.0433,12.806000000000001,2026-03-18T18:24:14Z
fzh,0,0.06105,0.0751,0.07605,26.144,2026-03-18T18:24:14Z
hfe,0,0.05725,0.0459,0.04503333333333333,21.50333333333333,2026-03-18T18:24:14Z
isa,0,0.00625,0.01005,0.01475,3.144,2026-03-18T18:24:14Z
jav,0,0.0188,0.0182,0.0191,7.484,2026-03-18T18:24:14Z
jvo,0,0.02175,0.03885,0.0401,10.802,2026-03-18T18:24:14Z
klj,0,0.0133,0.0167,0.01575,5.6899999999999995,2026-03-18T18:24:14Z
kre,0,0.02815,0.03585,0.03585,12.184,2026-03-18T18:24:14Z
kzx,0,0.10415,0.08615,0.0709,38.89,2026-03-18T18:24:14Z
lgb,0,0.00795,0.0099,0.012,3.498,2026-03-18T18:24:14Z
mpa,0,0.02345,0.02645,0.0298,9.873999999999999,2026-03-18T18:24:14Z
mxe,0,0.0049,0.0061,0.0039,2.016,2026-03-18T18:24:14Z
nep,0,0.0274,0.0243,0.02445,10.594000000000001,2026-03-18T18:24:14Z
nia,0,0.00665,0.0081,0.01125,2.96,2026-03-18T18:24:14Z
nya,0,0.0194,0.0146,0.0159,7.236000000000001,2026-03-18T18:24:14Z
ouc,0,0.031,0.02285,0.0219,11.383999999999999,2026-03-18T18:24:14Z
plo,0,0.02015,0.02185,0.02275,8.3,2026-03-18T18:24:14Z
pvr,0,0.0571,0.0457,0.0452,21.451999999999998,2026-03-18T18:24:14Z
reb,0,0.0104,0.01185,0.0139,4.416,2026-03-18T18:24:14Z
rmo,0,0.00775,0.0087,0.0109,3.3019999999999996,2026-03-18T18:24:14Z
sfd,0,0.03825,0.0358,0.03455,14.956,2026-03-18T18:24:14Z
sno,0,0.07215,0.08335,0.0752,29.878,2026-03-18T18:24:14Z
suz,0,0.00665,0.0051,0.0049,2.4659999999999997,2026-03-18T18:24:14Z
tci,0,0.0496,0.04875,0.0482,19.716,2026-03-18T18:24:14Z
thb,0,0.06095,0.0514,0.0512,23.226,2026-03-18T18:24:14Z
trt,0,0.0086,0.0065,0.0051,3.1320000000000006,2026-03-18T18:24:14Z
vvm,0,0.00825,0.00715,0.00815,3.208,2026-03-18T18:24:14Z
wqb,0,0.0123,0.0149,0.0128,5.148000000000001,2026-03-18T18:24:14Z
xbv,0,0.0121,0.0143,0.008983333333333333,4.891333333333333,2026-03-18T18:24:14Z
xnm,0,0.03405,0.0247,0.0244,12.485999999999997,2026-03-18T18:24:14Z
xvx,0,0.00895,0.0085,0.0119,3.662,2026-03-18T18:24:14Z
zdh,0,0.0109,0.0124,0.00995,4.442,2026-03-18T18:24:14Z
zet,0,0.0081,0.00615,0.0065,3.0200000000000005,2026-03-18T18:24:14Z
zwl,0,0.0246,0.02315,0.02385,9.694,2026-03-18T18:24:14Z
alp,0,0.0454,0.05275,0.04975,18.922,2026-03-18T18:33:44Z
big,0,0.0266,0.0302,0.03015,11.07,2026-03-18T18:33:44Z
deh,0,0.0269,0.02975,0.0297,11.099999999999998,2026-03-18T18:33:44Z
dra,0,0.0333,0.03035,0.02938333333333333,12.927333333333333,2026-03-18T18:33:44Z
edh,0,0.01175,0.01535,0.017733333333333334,5.227333333333334,2026-03-18T18:33:44Z
edr,0,0.0296,0.02535,0.0231,11.240000000000002,2026-03-18T18:33:44Z
gwl,0,0.0321,0.0511,0.04715,14.962,2026-03-18T18:33:44Z
hiv,0,0.00955,0.0084,0.00895,3.7039999999999997,2026-03-18T18:33:44Z
ish,0,0.03285,0.03048333333333333,0.03233333333333333,12.93,2026-03-18T18:33:44Z
jhp,0,0.0231,0.02425,0.0249,9.404,2026-03-18T18:33:44Z
jxz,0,0.01865,0.02195,0.0218,7.85,2026-03-18T18:33:44Z
lkc,0,0.0394,0.0347,0.03165,15.074000000000002,2026-03-18T18:33:44Z
mmk,0,0.01205,0.0134,0.0158,5.078,2026-03-18T18:33:44Z
mpu,0,0.025,0.0282,0.02865,10.402000000000001,2026-03-18T18:33:44Z
mxn,0,0.01795,0.02285,0.03035,8.068,2026-03-18T18:33:44Z
oen,0,0.03205,0.03245,0.03295,12.888,2026-03-18T18:33:44Z
omf,0,0.0162,0.0265,0.02825,7.786,2026-03-18T18:33:44Z
pcf,0,0.0205,0.01575,0.01865,7.746,2026-03-18T18:33:44Z
pcw,0,0.0295,0.0175,0.01465,10.245999999999999,2026-03-18T18:33:44Z
pgk,0,0.0284,0.02045,0.0211,10.431999999999999,2026-03-18T18:33:44Z
puo,0,0.01505,0.02,0.02,6.614,2026-03-18T18:33:44Z
qeb,0,0.0125,0.0087,0.0082,4.524,2026-03-18T18:33:44Z
qeo,0,0.01675,0.00985,0.0102,5.886,2026-03-18T18:33:44Z
qqk,0,0.01175,0.01165,0.01215,4.708,2026-03-18T18:33:44Z
qxq,0,0.0029,0.0045,0.00435,1.346,2026-03-18T18:33:44Z
qzq,0,0.0337,0.03085,0.03045,13.121999999999998,2026-03-18T18:33:44Z
rrz,0,0.01965,0.012783333333333332,0.012783333333333332,7.036,2026-03-18T18:33:44Z
sek,0,0.02225,0.0254,0.02055,9.084000000000001,2026-03-18T18:33:44Z
shf,0,0.01875,0.0196,0.02105,7.66,2026-03-18T18:33:44Z
sjj,0,0.02455,0.018033333333333335,0.016533333333333334,8.978,2026-03-18T18:33:44Z
tfa,0,0.0376,0.03425,0.0343,14.64,2026-03-18T18:33:44Z
unl,0,0.0361,0.04295,0.04455,15.326,2026-03-18T18:33:44Z
uyw,0,0.0089,0.0122,0.0143,4.04,2026-03-18T18:33:44Z
vll,0,0.04165,0.04665,0.047183333333333334,17.281333333333333,2026-03-18T18:33:44Z
vwd,0,0.017,0.02295,0.0253,7.6080000000000005,2026-03-18T18:33:44Z
wje,0,0.0224,0.0286,0.0294,9.736,2026-03-18T18:33:44Z
xop,0,0.01965,0.0209,0.0242,8.142,2026-03-18T18:33:44Z
xqs,0,0.09595,0.07495,0.06595,35.5,2026-03-18T18:33:44Z
yek,0,0.01455,0.01005,0.0085,5.218,2026-03-18T18:33:44Z
zsb,0,0.0175,0.0134,0.01305,6.494000000000001,2026-03-18T18:33:44Z
alj,0,0.0139,0.0083,0.01015,4.962,2026-03-18T18:43:57Z
avg,0,0.0242,0.0201,0.0205,9.204,2026-03-18T18:43:57Z
chx,0,0.011,0.00755,0.00795,4.002,2026-03-18T18:43:57Z
dxn,0,0.009,0.00535,0.0048,3.14,2026-03-18T18:43:57Z
fkj,0,0.01125,0.0127,0.01425,4.736,2026-03-18T18:43:57Z
fkz,0,0.0221,0.01455,0.012,7.832000000000001,2026-03-18T18:43:57Z
fnj,0,0.02,0.0249,0.02365,8.538,2026-03-18T18:43:57Z
fvk,0,0.01645,0.01595,0.014,6.442000000000001,2026-03-18T18:43:57Z
gsu,0,0.02225,0.032,0.0382,10.318000000000001,2026-03-18T18:43:57Z
hmr,0,0.03325,0.03355,0.03715,13.48,2026-03-18T18:43:57Z
iax,0,0.0298,0.02645,0.0307,11.688,2026-03-18T18:43:57Z
iyj,0,0.0407,0.0394,0.0386,16.092,2026-03-18T18:43:57Z
kff,0,0.0191,0.0216,0.0254,8.092,2026-03-18T18:43:57Z
knm,0,0.0252,0.02865,0.0292,10.515999999999998,2026-03-18T18:43:57Z
kya,0,0.03325,0.0205,0.0217,11.818,2026-03-18T18:43:57Z
lek,0,0.03075,0.0374,0.03605,13.044000000000002,2026-03-18T18:43:57Z
mil,0,0.02555,0.0356,0.0375,11.501999999999999,2026-03-18T18:43:57Z
mqc,0,0.02935,0.0279,0.02335,11.384,2026-03-18T18:43:57Z
ncw,0,0.0212,0.01915,0.020683333333333335,8.295333333333334,2026-03-18T18:43:57Z
nir,0,0.0453,0.04455,0.0385,17.788,2026-03-18T18:43:57Z
nmr,0,0.02685,0.03225,0.0355,11.517999999999999,2026-03-18T18:43:57Z
nyx,0,0.0124,0.01,0.0059,4.508,2026-03-18T18:43:57Z
nzz,0,0.007,0.00945,0.00835,3.05,2026-03-18T18:43:57Z
ocn,0,0.02795,0.03145,0.02275,11.251999999999999,2026-03-18T18:43:57Z
oqq,0,0.0104,0.00885,0.0104,4.036,2026-03-18T18:43:57Z
pcr,0,0.0182,0.0205,0.0213,7.588000000000001,2026-03-18T18:43:57Z
pdw,0,0.0248,0.0217,0.02245,9.578,2026-03-18T18:43:57Z
pgb,0,0.0601,0.06415,0.06185,24.434,2026-03-18T18:43:57Z
sbp,0,0.0268,0.02225,0.0217,10.152000000000001,2026-03-18T18:43:57Z
tum,0,0.0108,0.0101,0.0103,4.244,2026-03-18T18:43:57Z
wud,0,0.01045,0.00715,0.0081,3.822,2026-03-18T18:43:57Z
wxu,0,0.0161,0.01535,0.01895,6.494,2026-03-18T18:43:57Z
xdz,0,0.08795,0.0916,0.0713,34.806000000000004,2026-03-18T18:43:57Z
xis,0,0.02365,0.02535,0.02425,9.62,2026-03-18T18:43:57Z
xlz,0,0.0227,0.02785,0.03348333333333333,9.923333333333334,2026-03-18T18:43:57Z
xoa,0,0.02455,0.0252,0.03255,10.192,2026-03-18T18:43:57Z
yel,0,0.0114,0.01295,0.01615,4.8740000000000006,2026-03-18T18:43:57Z
yzv,0,0.0501,0.0368,0.03665,18.438000000000002,2026-03-18T18:43:57Z
zgw,0,0.0288,0.03555,0.03515,12.314,2026-03-18T18:43:57Z
zzt,0,0.0154,0.01535,0.018583333333333334,6.283333333333334,2026-03-18T18:43:57Z
abc,0,0.06055,0.0589,0.0607,24.093999999999998,2026-03-18T18:54:10Z
aic,0,0.0287,0.03615,0.0385,12.468,2026-03-18T18:54:10Z
axp,0,0.00845,0.0087,0.00995,3.46,2026-03-18T18:54:10Z
bfy,0,0.0298,0.03735,0.03445,12.709999999999999,2026-03-18T18:54:10Z
bgk,0,0.01375,0.01685,0.01955,5.98,2026-03-18T18:54:10Z
bzo,0,0.03095,0.0306,0.03115,12.36,2026-03-18T18:54:10Z
ciu,0,0.01495,0.0222,0.0252,6.97,2026-03-18T18:54:10Z
fdk,0,0.0079,0.00685,0.0071,3.044,2026-03-18T18:54:10Z
fia,0,0.02635,0.02285,0.02135,10.06,2026-03-18T18:54:10Z
fqk,0,0.0351,0.0406,0.04445,14.854,2026-03-18T18:54:10Z
gkn,0,0.0308,0.0239,0.0254,11.552,2026-03-18T18:54:10Z
hfc,0,0.04785,0.04145,0.03895,18.272,2026-03-18T18:54:10Z
jck,0,0.0188,0.01685,0.01715,7.298,2026-03-18T18:54:10Z
jhl,0,0.0506,0.054,0.0461,20.332,2026-03-18T18:54:10Z
jiw,0,0.01835,0.01745,0.01625,7.183999999999999,2026-03-18T18:54:10Z
jwf,0,0.0226,0.019533333333333333,0.020233333333333336,8.7,2026-03-18T18:54:10Z
jyl,0,0.0315,0.03425,0.03515,12.966000000000001,2026-03-18T18:54:10Z
jzo,0,0.01015,0.0124,0.014883333333333333,4.429333333333333,2026-03-18T18:54:10Z
kgz,0,0.0105,0.01155,0.0106,4.288,2026-03-18T18:54:10Z
lla,0,0.0247,0.02055,0.019,9.32,2026-03-18T18:54:10Z
llo,0,0.06585,0.05865,0.0604,25.546000000000003,2026-03-18T18:54:10Z
lrx,0,0.01975,0.02305,0.01795,8.092,2026-03-18T18:54:10Z
mep,0,0.01745,0.01915,0.02145,7.276,2026-03-18T18:54:10Z
myf,0,0.0097,0.01175,0.00945,4.034000000000001,2026-03-18T18:54:10Z
nyc,0,0.00945,0.01025,0.012133333333333333,3.9513333333333334,2026-03-18T18:54:10Z
oao,0,0.0173,0.0089,0.01,5.956,2026-03-18T18:54:10Z
oob,0,0.03185,0.02035,0.02205,11.428000000000003,2026-03-18T18:54:10Z
pwq,0,0.0337,0.0338,0.03068333333333333,13.367333333333333,2026-03-18T18:54:10Z
pxl,0,0.03265,0.02415,0.027,12.154,2026-03-18T18:54:10Z
qcz,0,0.03705,0.03853333333333333,0.04028333333333333,15.068,2026-03-18T18:54:10Z
qnt,0,0.01485,0.0133,0.0125,5.722,2026-03-18T18:54:10Z
reb,0,0.04005,0.0444,0.0395,16.345999999999997,2026-03-18T18:54:10Z
rup,0,0.0109,0.0112,0.0126,4.452,2026-03-18T18:54:10Z
uqs,0,0.0108,0.01075,0.009133333333333334,4.2493333333333325,2026-03-18T18:54:10Z
utt,0,0.00375,0.00495,0.00445,1.624,2026-03-18T18:54:10Z
vki,0,0.01875,0.02645,0.02795,8.484,2026-03-18T18:54:10Z
wsp,0,0.00885,0.00865,0.00825,3.5,2026-03-18T18:54:10Z
xwa,0,0.0109,0.009,0.009083333333333332,4.1353333333333335,2026-03-18T18:54:10Z
yde,0,0.03515,0.03978333333333333,0.04198333333333333,14.703999999999999,2026-03-18T18:54:10Z
zts,0,0.0489,0.04995,0.04703333333333333,19.569333333333333,2026-03-18T18:54:10Z
bfo,0,0.0194,0.0219,0.02085,8.018,2026-03-18T19:04:06Z
bnd,0,0.0313,0.03385,0.03355,12.814,2026-03-18T19:04:06Z
cqa,0,0.0058,0.0063,0.0043,2.3,2026-03-18T19:04:06Z
dzm,0,0.04645,0.0385,0.03945,17.664,2026-03-18T19:04:06Z
edc,0,0.0466,0.03883333333333333,0.032633333333333334,17.46,2026-03-18T19:04:06Z
fsa,0,0.05845,0.061,0.0599,23.642,2026-03-18T19:04:06Z
gfk,0,0.01495,0.0159,0.01555,6.08,2026-03-18T19:04:06Z
gmu,0,0.0129,0.0143,0.01435,5.33,2026-03-18T19:04:06Z
hko,0,0.02705,0.02535,0.02705,10.684000000000001,2026-03-18T19:04:06Z
hma,0,0.01365,0.0181,0.0218,6.142000000000001,2026-03-18T19:04:06Z
kex,0,0.02765,0.01695,0.01345,9.636,2026-03-18T19:04:06Z
ktc,0,0.01505,0.008,0.0096,5.238,2026-03-18T19:04:06Z
kzm,0,0.037,0.03345,0.0334,14.372,2026-03-18T19:04:06Z
lek,0,0.01525,0.0196,0.0202,6.646,2026-03-18T19:04:06Z
lwe,0,0.0085,0.00755,0.0061,3.2279999999999998,2026-03-18T19:04:06Z
lyq,0,0.0478,0.04398333333333333,0.04538333333333333,18.718,2026-03-18T19:04:06Z
mre,0,0.0354,0.03515,0.03885,14.278000000000002,2026-03-18T19:04:06Z
nbz,0,0.00695,0.00975,0.00835,3.06,2026-03-18T19:04:06Z
noe,0,0.0506,0.06315,0.056,21.460000000000004,2026-03-18T19:04:06Z
okj,0,0.0201,0.0237,0.02145,8.382,2026-03-18T19:04:06Z
oro,0,0.04515,0.044283333333333334,0.04583333333333333,18.018,2026-03-18T19:04:06Z
pnh,0,0.01045,0.00805,0.00685,3.8439999999999994,2026-03-18T19:04:06Z
qdt,0,0.01155,0.011,0.0111,4.558,2026-03-18T19:04:06Z
qee,0,0.0134,0.0122,0.0164,5.384000000000001,2026-03-18T19:04:06Z
qek,0,0.00745,0.00635,0.00915,2.9600000000000004,2026-03-18T19:04:06Z
qhk,0,0.0375,0.0464,0.0443,15.984,2026-03-18T19:04:06Z
rqa,0,0.0222,0.01965,0.0205,8.608,2026-03-18T19:04:06Z
sex,0,0.0268,0.0336,0.0309,11.428,2026-03-18T19:04:06Z
srl,0,0.0216,0.03065,0.02595,9.538,2026-03-18T19:04:06Z
tkd,0,0.0271,0.0295,0.0313,11.2,2026-03-18T19:04:06Z
trr,0,0.0182,0.01565,0.0188,7.1000000000000005,2026-03-18T19:04:06Z
txx,0,0.04685,0.0441,0.0431,18.37,2026-03-18T19:04:06Z
usy,0,0.03175,0.0365,0.0347,13.198,2026-03-18T19:04:06Z
vyl,0,0.0161,0.01485,0.01815,6.422,2026-03-18T19:04:06Z
wnb,0,0.0426,0.03775,0.04,16.548000000000002,2026-03-18T19:04:06Z
wut,0,0.0287,0.0237,0.0282,11.059999999999999,2026-03-18T19:04:06Z
ykc,0,0.0091,0.0075,0.00895,3.5060000000000002,2026-03-18T19:04:06Z
zbe,0,0.01415,0.00985,0.00975,5.140000000000001,2026-03-18T19:04:06Z
zfw,0,0.0052,0.00555,0.00775,2.21,2026-03-18T19:04:06Z
zvx,0,0.0233,0.02755,0.0261,9.772000000000002,2026-03-18T19:04:06Z
aav,0,0.01445,0.01615,0.0207,6.1659999999999995,2026-03-18T19:13:58Z
att,0,0.0097,0.0102,0.01095,3.97,2026-03-18T19:13:58Z
auj,0,0.0171,0.0172,0.01605,6.806000000000001,2026-03-18T19:13:58Z
cpr,0,0.0666,0.0604,0.056183333333333335,25.727333333333338,2026-03-18T19:13:58Z
cvd,0,0.0157,0.0156,0.01655,6.306000000000001,2026-03-18T19:13:58Z
daz,0,0.0319,0.02745,0.0256,12.152000000000001,2026-03-18T19:13:58Z
dpe,0,0.0084,0.0079,0.0107,3.412,2026-03-18T19:13:58Z
dzz,0,0.01055,0.0112,0.014,4.41,2026-03-18T19:13:58Z
ecp,0,0.0557,0.04875,0.0463,21.348000000000003,2026-03-18T19:13:58Z
fbh,0,0.04115,0.02885,0.02828333333333333,14.961333333333332,2026-03-18T19:13:58Z
idz,0,0.0118,0.0099,0.01045,4.513999999999999,2026-03-18T19:13:58Z
iel,0,0.0164,0.01815,0.02255,6.9460000000000015,2026-03-18T19:13:58Z
isy,0,0.01325,0.01405,0.0147,5.422000000000001,2026-03-18T19:13:58Z
jnz,0,0.03235,0.03525,0.03945,13.456,2026-03-18T19:13:58Z
kdl,0,0.01395,0.01515,0.01165,5.584,2026-03-18T19:13:58Z
kej,0,0.0196,0.0221,0.0195,8.036,2026-03-18T19:13:58Z
kse,0,0.0105,0.0205,0.021183333333333335,5.427333333333334,2026-03-18T19:13:58Z
kyd,0,0.0184,0.0119,0.0153,6.716000000000001,2026-03-18T19:13:58Z
nga,0,0.0158,0.0201,0.024,6.991999999999999,2026-03-18T19:13:58Z
ora,0,0.009,0.01255,0.0105,3.944,2026-03-18T19:13:58Z
quf,0,0.0263,0.03465,0.0376,11.64,2026-03-18T19:13:58Z
rkk,0,0.01495,0.0207,0.02285,6.756,2026-03-18T19:13:58Z
rvv,0,0.013,0.0165,0.0181,5.684,2026-03-18T19:13:58Z
rzb,0,0.0618,0.0617,0.05675,24.509999999999998,2026-03-18T19:13:58Z
skt,0,0.04975,0.0483,0.045,19.594,2026-03-18T19:13:58Z
smj,0,0.01515,0.0139,0.0125,5.854,2026-03-18T19:13:58Z
smn,0,0.0479,0.03933333333333333,0.03138333333333333,17.814,2026-03-18T19:13:58Z
tgq,0,0.06075,0.0513,0.051,23.154000000000003,2026-03-18T19:13:58Z
uqw,0,0.01005,0.014533333333333334,0.015833333333333335,4.61,2026-03-18T19:13:58Z
vec,0,0.02845,0.0266,0.0275,11.193999999999999,2026-03-18T19:13:58Z
veq,0,0.00795,0.00725,0.01105,3.248,2026-03-18T19:13:58Z
wcr,0,0.05745,0.0541,0.04485,22.208,2026-03-18T19:13:58Z
wmu,0,0.01225,0.0185,0.01685,5.584,2026-03-18T19:13:58Z
xlk,0,0.02095,0.0185,0.02165,8.212,2026-03-18T19:13:58Z
yai,0,0.0232,0.03188333333333333,0.030883333333333332,10.282,2026-03-18T19:13:58Z
yhg,0,0.0494,0.04495,0.04665,19.293999999999997,2026-03-18T19:13:58Z
ykb,0,0.00855,0.01195,0.012833333333333334,3.8633333333333337,2026-03-18T19:13:58Z
yzs,0,0.03375,0.03255,0.03135,13.308,2026-03-18T19:13:58Z
zwt,0,0.0232,0.0262,0.026516666666666668,9.652666666666667,2026-03-18T19:13:58Z
zyh,0,0.0029,0.00325,0.00425,1.242,2026-03-18T19:13:58Z
ans,0,0.03525,0.0338,0.03785,14.087999999999997,2026-03-18T19:23:38Z
ast,0,0.02505,0.02525,0.0259,10.069999999999999,2026-03-18T19:23:38Z
bby,0,0.005,0.00685,0.00645,2.2060000000000004,2026-03-18T19:23:38Z
bmp,0,0.03215,0.0344,0.0381,13.277999999999999,2026-03-18T19:23:38Z
cla,0,0.0378,0.0403,0.03905,15.37,2026-03-18T19:23:38Z
daj,0,0.0347,0.03575,0.0307,13.804,2026-03-18T19:23:38Z
elr,0,0.0208,0.02125,0.0253,8.536,2026-03-18T19:23:38Z
eot,0,0.0215,0.0172,0.01625,8.046,2026-03-18T19:23:38Z
eto,0,0.0151,0.0161,0.0186,6.26,2026-03-18T19:23:38Z
hux,0,0.01065,0.013,0.01585,4.656000000000001,2026-03-18T19:23:38Z
iku,0,0.0098,0.0101,0.01145,4.01,2026-03-18T19:23:38Z
ipv,0,0.01775,0.0189,0.017,7.161999999999999,2026-03-18T19:23:38Z
izu,0,0.0214,0.0235,0.02325,8.802,2026-03-18T19:23:38Z
jez,0,0.0072,0.005,0.0061,2.66,2026-03-18T19:23:38Z
juj,0,0.0291,0.01815,0.0176,10.304,2026-03-18T19:23:38Z
kow,0,0.0115,0.01535,0.0159,5.0840000000000005,2026-03-18T19:23:38Z
lga,0,0.0222,0.0206,0.0171,8.548,2026-03-18T19:23:38Z
mev,0,0.0142,0.01795,0.0139,5.968,2026-03-18T19:23:38Z
mqc,0,0.0462,0.04545,0.04715,18.458,2026-03-18T19:23:38Z
odt,0,0.03135,0.03775,0.0382,13.326000000000002,2026-03-18T19:23:38Z
ozv,0,0.0093,0.0092,0.00945,3.7179999999999995,2026-03-18T19:23:38Z
phu,0,0.0175,0.0238,0.02895,7.9620000000000015,2026-03-18T19:23:38Z
piz,0,0.021,0.02005,0.0189,8.24,2026-03-18T19:23:38Z
pxk,0,0.0055,0.0083,0.00985,2.598,2026-03-18T19:23:38Z
qtu,0,0.0597,0.041633333333333335,0.04043333333333333,21.664,2026-03-18T19:23:38Z
rzc,0,0.0177,0.01975,0.01895,7.2940000000000005,2026-03-18T19:23:38Z
sff,0,0.0298,0.02878333333333333,0.02708333333333333,11.73,2026-03-18T19:23:38Z
twa,0,0.0359,0.03415,0.0342,14.152000000000001,2026-03-18T19:23:38Z
wev,0,0.0467,0.0472,0.0425,18.551999999999996,2026-03-18T19:23:38Z
wkn,0,0.008,0.0084,0.00595,3.15,2026-03-18T19:23:38Z
wpc,0,0.02335,0.02645,0.03145,9.911999999999999,2026-03-18T19:23:38Z
wrv,0,0.03365,0.02615,0.02645,12.572000000000001,2026-03-18T19:23:38Z
xmi,0,0.02535,0.02635,0.02525,10.216000000000001,2026-03-18T19:23:38Z
xxj,0,0.0492,0.0499,0.04545,19.586,2026-03-18T19:23:38Z
ycd,0,0.026,0.03023333333333333,0.03258333333333333,11.002,2026-03-18T19:23:38Z
zic,0,0.03515,0.0326,0.034,13.809999999999999,2026-03-18T19:23:38Z
zpi,0,0.0413,0.03725,0.0339,15.9,2026-03-18T19:23:38Z
zpo,0,0.0403,0.0459,0.049,16.916,2026-03-18T19:23:38Z
zsk,0,0.0186,0.01985,0.0173,7.488,2026-03-18T19:23:38Z
zuf,0,0.0073,0.0074,0.00665,2.902,2026-03-18T19:23:38Z
aby,0,0.0301,0.02835,0.0264,11.751999999999999,2026-03-18T19:34:10Z
axz,0,0.0165,0.0231,0.01945,7.246,2026-03-18T19:34:10Z
chc,0,0.00285,0.00245,0.0019,1.07,2026-03-18T19:34:10Z
cji,0,0.0236,0.02375,0.02805,9.629999999999999,2026-03-18T19:34:10Z
dtd,0,0.02625,0.0234,0.02235,10.116,2026-03-18T19:34:10Z
esm,0,0.0172,0.02105,0.0211,7.344,2026-03-18T19:34:10Z
fhh,0,0.00765,0.0068,0.00665,2.952,2026-03-18T19:34:10Z
fnk,0,0.04305,0.04675,0.0506,17.818,2026-03-18T19:34:10Z
frf,0,0.02815,0.0253,0.02345,10.844000000000001,2026-03-18T19:34:10Z
gxm,0,0.00495,0.0056,0.00665,2.1,2026-03-18T19:34:10Z
hfh,0,0.01415,0.01725,0.01995,6.14,2026-03-18T19:34:10Z
hjf,0,0.0113,0.01385,0.01445,4.85,2026-03-18T19:34:10Z
hjk,0,0.0543,0.0382,0.04175,19.93,2026-03-18T19:34:10Z
kdl,0,0.0518,0.04425,0.05,20.044,2026-03-18T19:34:10Z
mwm,0,0.0225,0.02645,0.0345,9.796,2026-03-18T19:34:10Z
nql,0,0.05825,0.0592,0.0536,23.189999999999998,2026-03-18T19:34:10Z
nyi,0,0.0102,0.00995,0.0091,4.016,2026-03-18T19:34:10Z
nym,0,0.01375,0.0163,0.0181,5.878,2026-03-18T19:34:10Z
ogy,0,0.00725,0.0068,0.0071,2.858,2026-03-18T19:34:10Z
owe,0,0.0132,0.009,0.00875,4.766,2026-03-18T19:34:10Z
owo,0,0.03505,0.0416,0.0399,14.738,2026-03-18T19:34:10Z
pgh,0,0.0618,0.0605,0.05145,24.201999999999998,2026-03-18T19:34:10Z
pyb,0,0.02715,0.03295,0.03355,11.580000000000002,2026-03-18T19:34:10Z
pzq,0,0.054,0.05455,0.044,21.244,2026-03-18T19:34:10Z
qby,0,0.0238,0.0273,0.03095,10.086000000000002,2026-03-18T19:34:10Z
qrc,0,0.0116,0.0081,0.00775,4.2059999999999995,2026-03-18T19:34:10Z
qxq,0,0.0246,0.0219,0.019,9.399999999999999,2026-03-18T19:34:10Z
rml,0,0.0282,0.0315,0.02065,11.241999999999999,2026-03-18T19:34:10Z
sso,0,0.0479,0.0458,0.0399,18.672,2026-03-18T19:34:10Z
tno,0,0.0243,0.02335,0.02585,9.706,2026-03-18T19:34:10Z
ton,0,0.0095,0.00615,0.0055,3.3720000000000008,2026-03-18T19:34:10Z
ude,0,0.0338,0.03325,0.03035,13.338,2026-03-18T19:34:10Z
uhf,0,0.01905,0.01225,0.01335,6.848,2026-03-18T19:34:10Z
uls,0,0.00555,0.006,0.00745,2.3320000000000003,2026-03-18T19:34:10Z
use,0,0.03655,0.0312,0.03605,14.172000000000002,2026-03-18T19:34:10Z
vfq,0,0.0256,0.03665,0.0461,11.943999999999999,2026-03-18T19:34:10Z
vjx,0,0.02775,0.03065,0.0284,11.357999999999999,2026-03-18T19:34:10Z
vud,0,0.01625,0.0149,0.0166,6.406000000000001,2026-03-18T19:34:10Z
yvv,0,0.0157,0.0144,0.01925,6.318,2026-03-18T19:34:10Z
zrf,0,0.01485,0.0192,0.02005,6.4959999999999996,2026-03-18T19:34:10Z
ahg,0,0.01445,0.0186,0.02025,6.3439999999999985,2026-03-18T19:43:54Z
aqa,0,0.02125,0.0174,0.02015,8.148000000000001,2026-03-18T19:43:54Z
arg,0,0.01495,0.01285,0.01165,5.68,2026-03-18T19:43:54Z
cxa,0,0.07375,0.0636,0.05925,28.108,2026-03-18T19:43:54Z
fcj,0,0.0259,0.02085,0.0206,9.744,2026-03-18T19:43:54Z
fkf,0,0.0262,0.03185,0.03895,11.442,2026-03-18T19:43:54Z
gfo,0,0.05555,0.03845,0.0356,20.054,2026-03-18T19:43:54Z
gsq,0,0.01595,0.01085,0.0104,5.75,2026-03-18T19:43:54Z
gtr,0,0.0119,0.0093,0.0082,4.404000000000001,2026-03-18T19:43:54Z
hhs,0,0.02045,0.02425,0.02435,8.64,2026-03-18T19:43:54Z
idl,0,0.0164,0.02275,0.019033333333333333,7.173333333333334,2026-03-18T19:43:54Z
jbr,0,0.0163,0.01635,0.019633333333333336,6.657333333333333,2026-03-18T19:43:54Z
jdq,0,0.0049,0.00335,0.0038,1.7919999999999998,2026-03-18T19:43:54Z
jeg,0,0.0152,0.0161,0.01755,6.246,2026-03-18T19:43:54Z
jkb,0,0.026950000000000002,0.0304,0.0345,11.358,2026-03-18T19:43:54Z
kiu,0,0.0345,0.0429,0.0377,14.600000000000001,2026-03-18T19:43:54Z
kky,0,0.0252,0.01685,0.0164,9.06,2026-03-18T19:43:54Z
lcv,0,0.02925,0.0303,0.02915,11.780000000000001,2026-03-18T19:43:54Z
nbv,0,0.01885,0.02225,0.0229,7.974,2026-03-18T19:43:54Z
nft,0,0.03405,0.03685,0.03835,14.016,2026-03-18T19:43:54Z
noj,0,0.01465,0.0161,0.01545,6.008,2026-03-18T19:43:54Z
nyk,0,0.0188,0.02315,0.02325,8.046,2026-03-18T19:43:54Z
nzm,0,0.0238,0.0292,0.0327,10.308000000000002,2026-03-18T19:43:54Z
ofr,0,0.0098,0.00905,0.007,3.748,2026-03-18T19:43:54Z
pcp,0,0.0424,0.0406,0.0344,16.496,2026-03-18T19:43:54Z
pgc,0,0.0075,0.0086,0.00995,3.186,2026-03-18T19:43:54Z
pog,0,0.03065,0.03065,0.0311,12.278,2026-03-18T19:43:54Z
pty,0,0.0146,0.0164,0.01445,5.978,2026-03-18T19:43:54Z
qob,0,0.03885,0.0392,0.0475,15.914000000000001,2026-03-18T19:43:54Z
tbd,0,0.04205,0.0491,0.0442,17.470000000000002,2026-03-18T19:43:54Z
uem,0,0.05705,0.0481,0.04555,21.644000000000002,2026-03-18T19:43:54Z
ugm,0,0.013,0.0162,0.0196,5.72,2026-03-18T19:43:54Z
vys,0,0.04925,0.05,0.04458333333333333,19.57333333333333,2026-03-18T19:43:54Z
whn,0,0.01195,0.0107,0.0115,4.662,2026-03-18T19:43:54Z
wxd,0,0.0179,0.0194,0.02105,7.405999999999999,2026-03-18T19:43:54Z
zek,0,0.0078,0.00765,0.00835,3.1299999999999994,2026-03-18T19:43:54Z
znl,0,0.03155,0.02725,0.0292,12.182000000000002,2026-03-18T19:43:54Z
zqo,0,0.0095,0.00775,0.0081,3.604,2026-03-18T19:43:54Z
zsd,0,0.03775,0.04925,0.0484,16.446,2026-03-18T19:43:54Z
ztk,0,0.0192,0.01555,0.01525,7.229999999999999,2026-03-18T19:43:54Z
any,0,0.0079,0.0059,0.0061,2.928,2026-03-18T19:54:07Z
cvy,0,0.03385,0.03525,0.04905,14.26,2026-03-18T19:54:07Z
czw,0,0.03015,0.03005,0.0316,12.110000000000001,2026-03-18T19:54:07Z
dqh,0,0.0252,0.02385,0.0186,9.708,2026-03-18T19:54:07Z
dro,0,0.00865,0.013783333333333335,0.014633333333333335,4.11,2026-03-18T19:54:07Z
dvr,0,0.0068,0.00855,0.00945,2.9659999999999997,2026-03-18T19:54:07Z
dwy,0,0.03265,0.0286,0.0275,12.53,2026-03-18T19:54:07Z
eed,0,0.02785,0.0234,0.01915,10.436,2026-03-18T19:54:07Z
egy,0,0.02875,0.029,0.03,11.57,2026-03-18T19:54:07Z
gft,0,0.0102,0.01135,0.01085,4.198,2026-03-18T19:54:07Z
gwh,0,0.02515,0.02915,0.0244,10.35,2026-03-18T19:54:07Z
hpe,0,0.0186,0.0245,0.02135,8.021999999999998,2026-03-18T19:54:07Z
hqy,0,0.01895,0.02495,0.02515,8.308000000000002,2026-03-18T19:54:07Z
hyc,0,0.0087,0.00675,0.00875,3.326,2026-03-18T19:54:07Z
ijy,0,0.0119,0.01175,0.0133,4.804,2026-03-18T19:54:07Z
lsd,0,0.03805,0.0455,0.04545,16.112,2026-03-18T19:54:07Z
mhl,0,0.0472,0.04185,0.05,18.564,2026-03-18T19:54:07Z
mhu,0,0.0022,0.00325,0.0031,0.9999999999999999,2026-03-18T19:54:07Z
mwz,0,0.011,0.0124,0.0125,4.572,2026-03-18T19:54:07Z
nne,0,0.0149,0.0138,0.0108,5.708000000000001,2026-03-18T19:54:07Z
pjw,0,0.05615,0.04955,0.04895,21.644000000000002,2026-03-18T19:54:07Z
qfg,0,0.04995,0.0464,0.0431,19.422,2026-03-18T19:54:07Z
qvd,0,0.01035,0.0115,0.00935,4.192,2026-03-18T19:54:07Z
sfa,0,0.0411,0.04365,0.03855,16.541999999999998,2026-03-18T19:54:07Z
szd,0,0.02675,0.0327,0.03685,11.579999999999998,2026-03-18T19:54:07Z
tey,0,0.0385,0.0379,0.0373,15.304000000000002,2026-03-18T19:54:07Z
tpl,0,0.05185,0.04445,0.03955,19.656,2026-03-18T19:54:07Z
tps,0,0.02845,0.02215,0.0235,10.678,2026-03-18T19:54:07Z
upk,0,0.0521,0.050833333333333335,0.052783333333333335,20.766,2026-03-18T19:54:07Z
uzn,0,0.02795,0.026433333333333333,0.02998333333333333,11.139999999999999,2026-03-18T19:54:07Z
vfp,0,0.03275,0.0361,0.0342,13.426,2026-03-18T19:54:07Z
vtn,0,0.042,0.0484,0.04255,17.334,2026-03-18T19:54:07Z
wqw,0,0.01795,0.0128,0.0163,6.702000000000002,2026-03-18T19:54:07Z
xff,0,0.0234,0.0263,0.0291,9.82,2026-03-18T19:54:07Z
xnn,0,0.01185,0.01135,0.01345,4.764,2026-03-18T19:54:07Z
xvr,0,0.0175,0.01235,0.01255,6.390000000000001,2026-03-18T19:54:07Z
yun,0,0.0215,0.02345,0.02325,8.825999999999999,2026-03-18T19:54:07Z
zpc,0,0.0063,0.00435,0.00455,2.294,2026-03-18T19:54:07Z
zpv,0,0.0138,0.01065,0.0069,4.992,2026-03-18T19:54:07Z
zqs,0,0.02115,0.02505,0.0255,8.946,2026-03-18T19:54:07Z
akq,0,0.02515,0.0248,0.0231,9.95,2026-03-18T20:03:45Z
ani,0,0.0026,0.0023,0.00245,1.01,2026-03-18T20:03:45Z
ari,0,0.01935,0.01485,0.01545,7.223999999999999,2026-03-18T20:03:45Z
cdp,0,0.01955,0.01745,0.01865,7.6160000000000005,2026-03-18T20:03:45Z
cgv,0,0.0125,0.0171,0.0212,5.716,2026-03-18T20:03:45Z
cng,0,0.02385,0.02605,0.02455,9.744,2026-03-18T20:03:45Z
cws,0,0.01025,0.0101,0.01,4.078,2026-03-18T20:03:45Z
fst,0,0.0247,0.03025,0.02865,10.482,2026-03-18T20:03:45Z
gah,0,0.03705,0.026,0.02185,13.327999999999998,2026-03-18T20:03:45Z
gne,0,0.0046,0.0017,0.0013,1.476,2026-03-18T20:03:45Z
gwg,0,0.05795,0.0597,0.06305,23.524,2026-03-18T20:03:45Z
hzq,0,0.006,0.0053,0.0055,2.324,2026-03-18T20:03:45Z
ibn,0,0.029,0.03095,0.02705,11.678,2026-03-18T20:03:45Z
jnp,0,0.02355,0.0193,0.0168,8.81,2026-03-18T20:03:45Z
kch,0,0.01495,0.01625,0.02165,6.352,2026-03-18T20:03:45Z
kcz,0,0.0127,0.01125,0.0131,4.98,2026-03-18T20:03:45Z
knr,0,0.02545,0.0304,0.03555,10.979999999999999,2026-03-18T20:03:45Z
mpc,0,0.02925,0.03015,0.0315,11.861999999999998,2026-03-18T20:03:45Z
mzz,0,0.0554,0.05515,0.0429,21.64,2026-03-18T20:03:45Z
nmm,0,0.02495,0.02265,0.0284,9.934000000000001,2026-03-18T20:03:45Z
oaa,0,0.01605,0.0187,0.017,6.67,2026-03-18T20:03:45Z
prf,0,0.0161,0.01605,0.0132,6.3199999999999985,2026-03-18T20:03:45Z
ptx,0,0.0413,0.0363,0.035,15.868000000000002,2026-03-18T20:03:45Z
pzk,0,0.05175,0.0444,0.0389,19.598,2026-03-18T20:03:45Z
rbe,0,0.0183,0.01605,0.01485,7.001999999999999,2026-03-18T20:03:45Z
rit,0,0.04055,0.0486,0.0393,16.814000000000004,2026-03-18T20:03:45Z
rmn,0,0.00395,0.0065,0.0082,1.954,2026-03-18T20:03:45Z
rvk,0,0.02525,0.0234,0.0208,9.774000000000001,2026-03-18T20:03:45Z
skn,0,0.028,0.03005,0.0314,11.5,2026-03-18T20:03:45Z
svu,0,0.0162,0.0222,0.02285,7.226,2026-03-18T20:03:45Z
syx,0,0.01855,0.02385,0.0224,7.997999999999999,2026-03-18T20:03:45Z
tht,0,0.01075,0.01245,0.0112,4.454,2026-03-18T20:03:45Z
tjy,0,0.0154,0.026,0.0295,7.572,2026-03-18T20:03:45Z
uge,0,0.05355,0.056,0.05755,21.776,2026-03-18T20:03:45Z
ugw,0,0.01625,0.02105,0.02725,7.324,2026-03-18T20:03:45Z
vub,0,0.0238,0.01945,0.0213,9.072,2026-03-18T20:03:45Z
vye,0,0.02405,0.0216,0.0224,9.358,2026-03-18T20:03:45Z
wfb,0,0.03525,0.03395,0.03745,14.084,2026-03-18T20:03:45Z
why,0,0.05395,0.04015,0.042,19.997999999999998,2026-03-18T20:03:45Z
zsa,0,0.0322,0.03155,0.03475,12.93,2026-03-18T20:03:45Z
adj,0,0.0245,0.029,0.0318,10.452000000000002,2026-03-18T20:13:51Z
bed,0,0.0168,0.0196,0.0212,7.119999999999999,2026-03-18T20:13:51Z
dvs,0,0.0276,0.02585,0.02395,10.754,2026-03-18T20:13:51Z
eft,0,0.01665,0.02505,0.02865,7.812000000000001,2026-03-18T20:13:51Z
ehp,0,0.02435,0.02,0.023,9.338,2026-03-18T20:13:51Z
ero,0,0.00555,0.00605,0.0059,2.274,2026-03-18T20:13:51Z
exk,0,0.01545,0.01435,0.0125,5.974,2026-03-18T20:13:51Z
gqb,0,0.0119,0.0111,0.0109,4.656000000000001,2026-03-18T20:13:51Z
hfx,0,0.06125,0.04985,0.0538,23.29,2026-03-18T20:13:51Z
idl,0,0.02265,0.02555,0.02155,9.248000000000001,2026-03-18T20:13:51Z
irb,0,0.02335,0.0218,0.025,9.282,2026-03-18T20:13:51Z
ivg,0,0.00765,0.00575,0.0045,2.782,2026-03-18T20:13:51Z
iyc,0,0.05255,0.0599,0.06345,22.044,2026-03-18T20:13:51Z
jpo,0,0.0097,0.00955,0.0127,3.988,2026-03-18T20:13:51Z
kra,0,0.02365,0.02535,0.02235,9.544,2026-03-18T20:13:51Z
lra,0,0.0216,0.0218,0.02445,8.77,2026-03-18T20:13:51Z
mtd,0,0.00305,0.00385,0.00405,1.3239999999999998,2026-03-18T20:13:51Z
ncn,0,0.0198,0.019,0.01555,7.686000000000001,2026-03-18T20:13:51Z
ofa,0,0.0366,0.04195,0.04545,15.421999999999997,2026-03-18T20:13:51Z
oko,0,0.0162,0.019,0.01725,6.746,2026-03-18T20:13:51Z
pck,0,0.02905,0.0299,0.02825,11.655999999999999,2026-03-18T20:13:51Z
pei,0,0.00715,0.0075,0.00745,2.9,2026-03-18T20:13:51Z
pnk,0,0.0572,0.07245,0.06765,24.518,2026-03-18T20:13:51Z
qds,0,0.01295,0.0119,0.01195,5.055999999999999,2026-03-18T20:13:51Z
rxy,0,0.033,0.02925,0.0305,12.800000000000002,2026-03-18T20:13:51Z
sjo,0,0.02515,0.01875,0.01995,9.34,2026-03-18T20:13:51Z
tdi,0,0.01975,0.02015,0.02185,8.016000000000002,2026-03-18T20:13:51Z
tzf,0,0.045,0.03745,0.03505,16.998,2026-03-18T20:13:51Z
uws,0,0.02365,0.0228,0.0213,9.298,2026-03-18T20:13:51Z
vru,0,0.01335,0.0156,0.016583333333333335,5.649333333333334,2026-03-18T20:13:51Z
vxk,0,0.0418,0.0384,0.0414,16.432,2026-03-18T20:13:51Z
xti,0,0.01195,0.0149,0.016,5.178000000000001,2026-03-18T20:13:51Z
xyc,0,0.05025,0.0504,0.04508333333333333,19.90533333333333,2026-03-18T20:13:51Z
yah,0,0.0143,0.01465,0.01395,5.733999999999999,2026-03-18T20:13:51Z
yia,0,0.0049,0.0056,0.0085,2.16,2026-03-18T20:13:51Z
yuu,0,0.0409,0.04055,0.04035,16.31,2026-03-18T20:13:51Z
yxh,0,0.0172,0.0122,0.0105,6.212000000000001,2026-03-18T20:13:51Z
zdu,0,0.03075,0.03655,0.03753333333333333,13.035333333333332,2026-03-18T20:13:51Z
zms,0,0.0653,0.05085,0.04325,24.082,2026-03-18T20:13:51Z
zwe,0,0.01555,0.0158,0.0149,6.214,2026-03-18T20:13:51Z
afx,0,0.0173,0.0159,0.014,6.676000000000001,2026-03-18T20:23:51Z
bwd,0,0.0246,0.03105,0.04135,11.026,2026-03-18T20:23:51Z
bzc,0,0.02235,0.02075,0.02115,8.764,2026-03-18T20:23:51Z
cvt,0,0.0247,0.0284,0.03265,10.494000000000002,2026-03-18T20:23:51Z
ehk,0,0.0552,0.06145,0.0535,22.512,2026-03-18T20:23:51Z
emf,0,0.0107,0.0142,0.01465,4.718,2026-03-18T20:23:51Z
fuc,0,0.01815,0.01585,0.0189,7.106,2026-03-18T20:23:51Z
ghf,0,0.00995,0.0095,0.0094,3.9220000000000006,2026-03-18T20:23:51Z
hgc,0,0.0166,0.01615,0.0174,6.635999999999999,2026-03-18T20:23:51Z
ify,0,0.0126,0.0153,0.01965,5.538,2026-03-18T20:23:51Z
itt,0,0.00425,0.0034,0.00425,1.6320000000000001,2026-03-18T20:23:51Z
kpn,0,0.0644,0.0674,0.0694,26.200000000000003,2026-03-18T20:23:51Z
kzs,0,0.0215,0.0258,0.0305,9.304,2026-03-18T20:23:51Z
lnp,0,0.0112,0.0098,0.00945,4.298,2026-03-18T20:23:51Z
lqs,0,0.07375,0.0625,0.05365,27.796,2026-03-18T20:23:51Z
lrm,0,0.025,0.0194,0.02135,9.406,2026-03-18T20:23:51Z
luv,0,0.0119,0.01135,0.01235,4.734,2026-03-18T20:23:51Z
mjn,0,0.0069,0.0046,0.00685,2.574,2026-03-18T20:23:51Z
nbi,0,0.0059,0.0052,0.00385,2.222,2026-03-18T20:23:51Z
osq,0,0.04405,0.0362,0.0332,16.558,2026-03-18T20:23:51Z
pai,0,0.02985,0.0392,0.0401,13.098,2026-03-18T20:23:51Z
pzk,0,0.01155,0.00845,0.00775,4.219999999999999,2026-03-18T20:23:51Z
qbk,0,0.0304,0.0341,0.03125,12.489999999999998,2026-03-18T20:23:51Z
qfu,0,0.0108,0.01165,0.01,4.356,2026-03-18T20:23:51Z
qin,0,0.0569,0.0482,0.0444,21.564,2026-03-18T20:23:51Z
qjv,0,0.0534,0.05545,0.0584,21.724,2026-03-18T20:23:51Z
qop,0,0.02675,0.02155,0.0229,10.129999999999999,2026-03-18T20:23:51Z
qxt,0,0.00505,0.0077,0.0068,2.302,2026-03-18T20:23:51Z
rgb,0,0.0211,0.02905,0.02615,9.277999999999999,2026-03-18T20:23:51Z
rzt,0,0.0165,0.02095,0.0206,7.120000000000001,2026-03-18T20:23:51Z
soq,0,0.01205,0.0143,0.01605,5.16,2026-03-18T20:23:51Z
ssv,0,0.0091,0.0152,0.01545,4.382000000000001,2026-03-18T20:23:51Z
vkr,0,0.026,0.02415,0.0205,10.032,2026-03-18T20:23:51Z
weu,0,0.00505,0.00835,0.0102,2.49,2026-03-18T20:23:51Z
wfu,0,0.0278,0.03285,0.03215,11.698,2026-03-18T20:23:51Z
wif,0,0.0209,0.0243,0.02865,8.942,2026-03-18T20:23:51Z
wub,0,0.02515,0.01915,0.01675,9.244,2026-03-18T20:23:51Z
xgo,0,0.03575,0.0316,0.0328,13.85,2026-03-18T20:23:51Z
yqa,0,0.01615,0.0181,0.0165,6.630000000000001,2026-03-18T20:23:51Z
yqs,0,0.07875,0.0615,0.0551,29.174000000000003,2026-03-18T20:23:51Z
aww,0,0.02275,0.0248,0.0245,9.334,2026-03-18T20:34:14Z
axk,0,0.0056,0.00785,0.0098,2.5879999999999996,2026-03-18T20:34:14Z
cfa,0,0.0153,0.0094,0.0118,5.508000000000001,2026-03-18T20:34:14Z
clr,0,0.02245,0.0169,0.01285,8.152000000000001,2026-03-18T20:34:14Z
dac,0,0.038,0.041,0.04625,15.770000000000001,2026-03-18T20:34:14Z
eao,0,0.0263,0.03375,0.03155,11.326000000000002,2026-03-18T20:34:14Z
gds,0,0.0063,0.00865,0.0093,2.828,2026-03-18T20:34:14Z
gmv,0,0.08385,0.07635,0.06518333333333334,32.19333333333333,2026-03-18T20:34:14Z
hmn,0,0.01925,0.0169,0.0209,7.578,2026-03-18T20:34:14Z
hpc,0,0.0199,0.02255,0.02205,8.258000000000001,2026-03-18T20:34:14Z
hrw,0,0.01435,0.01905,0.0252,6.550000000000001,2026-03-18T20:34:14Z
ige,0,0.0286,0.03035,0.02335,11.369999999999997,2026-03-18T20:34:14Z
ilb,0,0.02465,0.0154,0.0139,8.69,2026-03-18T20:34:14Z
ita,0,0.0298,0.0263,0.028,11.568000000000001,2026-03-18T20:34:14Z
jse,0,0.03235,0.027,0.02935,12.392,2026-03-18T20:34:14Z
jyk,0,0.0065,0.00685,0.0066,2.6319999999999997,2026-03-18T20:34:14Z
kbk,0,0.0153,0.0199,0.02275,6.786,2026-03-18T20:34:14Z
kfp,0,0.02,0.0144,0.01275,7.2620000000000005,2026-03-18T20:34:14Z
kfv,0,0.02165,0.02575,0.02055,8.943999999999999,2026-03-18T20:34:14Z
khr,0,0.0209,0.0157,0.01825,7.837999999999998,2026-03-18T20:34:14Z
kpu,0,0.0097,0.01235,0.0132,4.232,2026-03-18T20:34:14Z
mch,0,0.02,0.02075,0.0214,8.116000000000001,2026-03-18T20:34:14Z
nbs,0,0.01545,0.01215,0.0132,5.825999999999999,2026-03-18T20:34:14Z
okw,0,0.05825,0.0604,0.0532,23.27,2026-03-18T20:34:14Z
pyl,0,0.0094,0.00905,0.0073,3.648,2026-03-18T20:34:14Z
qhl,0,0.02385,0.02545,0.0271,9.798,2026-03-18T20:34:14Z
qhr,0,0.0192,0.011,0.011,6.696,2026-03-18T20:34:14Z
rhy,0,0.0044,0.0038,0.0037,1.6840000000000002,2026-03-18T20:34:14Z
rtp,0,0.0308,0.04545,0.04585,14.094,2026-03-18T20:34:14Z
rue,0,0.0251,0.01975,0.016,9.248000000000001,2026-03-18T20:34:14Z
sky,0,0.0241,0.03695,0.0378,11.216,2026-03-18T20:34:14Z
ssa,0,0.00645,0.00885,0.00875,2.864,2026-03-18T20:34:14Z
uhk,0,0.0249,0.0262,0.02608333333333333,10.111333333333333,2026-03-18T20:34:14Z
uif,0,0.0354,0.0342,0.03713333333333333,14.133333333333336,2026-03-18T20:34:14Z
xdd,0,0.01855,0.0167,0.0149,7.126,2026-03-18T20:34:14Z
xqj,0,0.04575,0.04835,0.0591,19.041999999999998,2026-03-18T20:34:14Z
xub,0,0.03175,0.03015,0.03035,12.516,2026-03-18T20:34:14Z
ycv,0,0.0514,0.04635,0.0399,19.696,2026-03-18T20:34:14Z
ypq,0,0.0426,0.04455,0.05045,17.51,2026-03-18T20:34:14Z
yuu,0,0.02915,0.0287,0.0287,11.605999999999998,2026-03-18T20:34:14Z
atr,0,0.0041,0.00325,0.0038,1.56,2026-03-18T20:43:47Z
blq,0,0.02185,0.022333333333333334,0.021483333333333333,8.764,2026-03-18T20:43:47Z
cdt,0,0.0174,0.01965,0.024233333333333336,7.413333333333333,2026-03-18T20:43:47Z
cvs,0,0.0666,0.08405,0.0638,27.924000000000003,2026-03-18T20:43:47Z
eco,0,0.0279,0.02765,0.02205,10.906,2026-03-18T20:43:47Z
euv,0,0.0273,0.02785,0.03155,11.134000000000002,2026-03-18T20:43:47Z
eyn,0,0.04005,0.0563,0.0575,18.018,2026-03-18T20:43:47Z
ezz,0,0.1141,0.09068333333333334,0.07488333333333334,42.198,2026-03-18T20:43:47Z
fgv,0,0.0091,0.01225,0.0153,4.14,2026-03-18T20:43:47Z
gam,0,0.01365,0.02155,0.01965,6.332,2026-03-18T20:43:47Z
hvp,0,0.02365,0.02315,0.02965,9.66,2026-03-18T20:43:47Z
ijg,0,0.04695,0.0502,0.051,19.201999999999998,2026-03-18T20:43:47Z
kpm,0,0.0094,0.0112,0.01115,3.9739999999999998,2026-03-18T20:43:47Z
lkb,0,0.0403,0.0291,0.0317,14.880000000000003,2026-03-18T20:43:47Z
mcm,0,0.00355,0.00275,0.0024,1.31,2026-03-18T20:43:47Z
mfu,0,0.01695,0.0218,0.026,7.53,2026-03-18T20:43:47Z
mpn,0,0.0145,0.0123,0.00985,5.438000000000001,2026-03-18T20:43:47Z
mql,0,0.0122,0.01235,0.020533333333333334,5.225333333333333,2026-03-18T20:43:47Z
nkg,0,0.01105,0.0137,0.0153,4.8020000000000005,2026-03-18T20:43:47Z
nxh,0,0.0125,0.0098,0.00715,4.57,2026-03-18T20:43:47Z
osa,0,0.04235,0.03885,0.04015,16.572,2026-03-18T20:43:47Z
ozk,0,0.04315,0.03095,0.02595,15.596,2026-03-18T20:43:47Z
pqr,0,0.0247,0.0247,0.02365,9.838000000000001,2026-03-18T20:43:47Z
qjz,0,0.00975,0.0096,0.0147,4.086,2026-03-18T20:43:47Z
qln,0,0.0253,0.0149,0.01535,8.89,2026-03-18T20:43:47Z
qvw,0,0.01435,0.0192,0.02035,6.368,2026-03-18T20:43:47Z
qxv,0,0.01755,0.01465,0.01395,6.644,2026-03-18T20:43:47Z
qyi,0,0.0234,0.013333333333333334,0.012516666666666667,8.119333333333334,2026-03-18T20:43:47Z
rmd,0,0.0081,0.01035,0.00885,3.4499999999999997,2026-03-18T20:43:47Z
sgt,0,0.0093,0.01225,0.01255,4.085999999999999,2026-03-18T20:43:47Z
thu,0,0.02865,0.03325,0.03395,12.04,2026-03-18T20:43:47Z
tur,0,0.0264,0.026,0.0342,10.839999999999998,2026-03-18T20:43:47Z
uhl,0,0.0122,0.0178,0.02035,5.654,2026-03-18T20:43:47Z
uip,0,0.0143,0.0115,0.01085,5.358,2026-03-18T20:43:47Z
vsd,0,0.00605,0.00565,0.00525,2.356,2026-03-18T20:43:47Z
xnr,0,0.02975,0.03805,0.0419,13.049999999999999,2026-03-18T20:43:47Z
xoe,0,0.02045,0.0213,0.0197,8.218,2026-03-18T20:43:47Z
ysr,0,0.0326,0.0206,0.01875,11.525999999999998,2026-03-18T20:43:47Z
ysw,0,0.03155,0.03135,0.0261,12.386000000000001,2026-03-18T20:43:47Z
zgs,0,0.047,0.0538,0.06195,19.942,2026-03-18T20:43:47Z
avo,0,0.0419,0.03705,0.03485,16.09,2026-03-18T20:53:46Z
bme,0,0.01625,0.01485,0.01755,6.44,2026-03-18T20:53:46Z
bxn,0,0.1133,0.093,0.0778,42.27600000000001,2026-03-18T20:53:46Z
dsr,0,0.0047,0.00585,0.00605,2.026,2026-03-18T20:53:46Z
fbb,0,0.01775,0.02125,0.02365,7.616,2026-03-18T20:53:46Z
fcu,0,0.03995,0.03515,0.0361,15.442,2026-03-18T20:53:46Z
fkq,0,0.01655,0.01475,0.01835,6.547999999999999,2026-03-18T20:53:46Z
fkx,0,0.016,0.0159,0.0157,6.38,2026-03-18T20:53:46Z
ftj,0,0.01065,0.0151,0.01425,4.760000000000001,2026-03-18T20:53:46Z
fuz,0,0.0192,0.01925,0.0171,7.6,2026-03-18T20:53:46Z
gim,0,0.0133,0.01265,0.0106,5.16,2026-03-18T20:53:46Z
gpr,0,0.0095,0.0158,0.0169,4.6000000000000005,2026-03-18T20:53:46Z
grj,0,0.03625,0.0385,0.0374,14.725999999999999,2026-03-18T20:53:46Z
hqm,0,0.01255,0.01485,0.0165,5.362,2026-03-18T20:53:46Z
kcu,0,0.03415,0.02465,0.0309,12.77,2026-03-18T20:53:46Z
kfs,0,0.04275,0.04265,0.0458,17.214,2026-03-18T20:53:46Z
kuo,0,0.01795,0.0235,0.0299,8.102000000000002,2026-03-18T20:53:46Z
lan,0,0.0263,0.0303,0.03475,11.178,2026-03-18T20:53:46Z
llf,0,0.0081,0.01215,0.01185,3.714,2026-03-18T20:53:46Z
mbv,0,0.0245,0.02105,0.02325,9.474,2026-03-18T20:53:46Z
ock,0,0.01435,0.014,0.01315,5.664,2026-03-18T20:53:46Z
oio,0,0.0292,0.0422,0.04115,13.198,2026-03-18T20:53:46Z
pax,0,0.0049,0.00555,0.00425,1.986,2026-03-18T20:53:46Z
qrc,0,0.0108,0.01145,0.0119,4.416,2026-03-18T20:53:46Z
rbh,0,0.0276,0.02145,0.02515,10.45,2026-03-18T20:53:46Z
sjp,0,0.0209,0.0118,0.01105,7.2379999999999995,2026-03-18T20:53:46Z
sud,0,0.053900000000000003,0.04815,0.0514,21,2026-03-18T20:53:46Z
syv,0,0.03195,0.0396,0.03495,13.512,2026-03-18T20:53:46Z
txh,0,0.0096,0.01285,0.01575,4.346,2026-03-18T20:53:46Z
ufm,0,0.0126,0.014,0.0159,5.284,2026-03-18T20:53:46Z
ugo,0,0.05915,0.05955,0.05295,23.444000000000003,2026-03-18T20:53:46Z
ukk,0,0.0269,0.0379,0.04145,12.222,2026-03-18T20:53:46Z
vbu,0,0.01845,0.02155,0.0216,7.754000000000001,2026-03-18T20:53:46Z
vyd,0,0.0072,0.0092,0.00875,3.1020000000000003,2026-03-18T20:53:46Z
wld,0,0.0201,0.02085,0.0204,8.112,2026-03-18T20:53:46Z
wzu,0,0.0134,0.0153,0.0132,5.504,2026-03-18T20:53:46Z
xlf,0,0.06695,0.05435,0.04815,25.019999999999996,2026-03-18T20:53:46Z
yff,0,0.0251,0.0247,0.02485,9.998000000000001,2026-03-18T20:53:46Z
zme,0,0.011,0.0078,0.007,3.9840000000000004,2026-03-18T20:53:46Z
zov,0,0.01435,0.0195,0.01775,6.287999999999999,2026-03-18T20:53:46Z
bhj,0,0.01465,0.01105,0.01095,5.4239999999999995,2026-03-18T21:03:54Z
cvt,0,0.0147,0.01535,0.0138,5.896,2026-03-18T21:03:54Z
ehv,0,0.045,0.05875,0.06188333333333334,19.775333333333332,2026-03-18T21:03:54Z
fke,0,0.0191,0.02335,0.0322,8.504,2026-03-18T21:03:54Z
gqu,0,0.03785,0.02435,0.0236,13.490000000000002,2026-03-18T21:03:54Z
gva,0,0.02875,0.0276,0.0261,11.302000000000001,2026-03-18T21:03:54Z
hag,0,0.01905,0.02165,0.0193,7.838000000000001,2026-03-18T21:03:54Z
hjl,0,0.0257,0.0234,0.020783333333333334,9.899333333333333,2026-03-18T21:03:54Z
iin,0,0.03695,0.0365,0.03485,14.66,2026-03-18T21:03:54Z
ill,0,0.0381,0.03935,0.04628333333333333,15.667333333333334,2026-03-18T21:03:54Z
ioj,0,0.02355,0.02505,0.02655,9.66,2026-03-18T21:03:54Z
iqy,0,0.0149,0.01405,0.01215,5.782,2026-03-18T21:03:54Z
irq,0,0.012,0.0151,0.016183333333333334,5.215333333333334,2026-03-18T21:03:54Z
itj,0,0.0199,0.02335,0.02565,8.466000000000001,2026-03-18T21:03:54Z
jdz,0,0.0202,0.021,0.025383333333333334,8.351333333333335,2026-03-18T21:03:54Z
jnx,0,0.02265,0.03065,0.035333333333333335,10.207333333333333,2026-03-18T21:03:54Z
jzg,0,0.03135,0.0367,0.03178333333333333,12.985333333333335,2026-03-18T21:03:54Z
lkq,0,0.03245,0.029,0.0298,12.598,2026-03-18T21:03:54Z
lun,0,0.0079,0.0094,0.0066,3.2279999999999998,2026-03-18T21:03:54Z
mox,0,0.01495,0.01495,0.011483333333333333,5.841333333333334,2026-03-18T21:03:54Z
nus,0,0.0272,0.0227,0.0191,10.195999999999998,2026-03-18T21:03:54Z
oor,0,0.0316,0.0287,0.02995,12.341999999999999,2026-03-18T21:03:54Z
oyq,0,0.00235,0.00285,0.00325,1.016,2026-03-18T21:03:54Z
qci,0,0.037,0.0272,0.02385,13.49,2026-03-18T21:03:54Z
qga,0,0.0073,0.0063,0.0092,2.9160000000000004,2026-03-18T21:03:54Z
rep,0,0.0483,0.0331,0.0323,17.464,2026-03-18T21:03:54Z
rul,0,0.01755,0.0195,0.01565,7.1,2026-03-18T21:03:54Z
sff,0,0.02835,0.0328,0.02995,11.76,2026-03-18T21:03:54Z
vhp,0,0.03095,0.0304,0.02945,12.275999999999998,2026-03-18T21:03:54Z
viz,0,0.03475,0.02775,0.026950000000000002,13.027999999999999,2026-03-18T21:03:54Z
vnt,0,0.0169,0.0104,0.0101,5.968,2026-03-18T21:03:54Z
vpq,0,0.017,0.02255,0.021683333333333336,7.431333333333335,2026-03-18T21:03:54Z
wdf,0,0.0095,0.0108,0.0143,4.096000000000001,2026-03-18T21:03:54Z
whh,0,0.0159,0.0099,0.0112,5.692,2026-03-18T21:03:54Z
xhi,0,0.06225,0.06595,0.06425,25.276,2026-03-18T21:03:54Z
ygk,0,0.02595,0.03155,0.03746666666666667,11.288666666666668,2026-03-18T21:03:54Z
yhl,0,0.03285,0.0302,0.0304,12.829999999999998,2026-03-18T21:03:54Z
yro,0,0.0179,0.01905,0.01735,7.2299999999999995,2026-03-18T21:03:54Z
zjt,0,0.0471,0.06125,0.056133333333333334,20.333333333333332,2026-03-18T21:03:54Z
zoc,0,0.0096,0.00645,0.0068,3.4759999999999995,2026-03-18T21:03:54Z
ads,0,0.0096,0.00955,0.01265,3.9579999999999993,2026-03-18T21:13:57Z
awr,0,0.02625,0.0226,0.0208,9.989999999999998,2026-03-18T21:13:57Z
axj,0,0.0565,0.03945,0.03715,20.462000000000003,2026-03-18T21:13:57Z
ayl,0,0.01455,0.0199,0.0235,6.606,2026-03-18T21:13:57Z
bcm,0,0.0231,0.0225,0.0217,9.136,2026-03-18T21:13:57Z
cvy,0,0.01025,0.01005,0.01385,4.228000000000001,2026-03-18T21:13:57Z
dnb,0,0.0438,0.0416,0.0404,17.208,2026-03-18T21:13:57Z
hgh,0,0.04035,0.0455,0.0425,16.637999999999998,2026-03-18T21:13:57Z
hyv,0,0.0215,0.0174,0.0181,8.136,2026-03-18T21:13:57Z
ihp,0,0.0318,0.02645,0.02325,11.950000000000001,2026-03-18T21:13:57Z
jaw,0,0.0222,0.02755,0.03415,9.786000000000001,2026-03-18T21:13:57Z
jct,0,0.0397,0.04485,0.03725,16.194,2026-03-18T21:13:57Z
jgh,0,0.04,0.03625,0.0343,15.472000000000001,2026-03-18T21:13:57Z
jhz,0,0.02205,0.02625,0.0261,9.318,2026-03-18T21:13:57Z
jop,0,0.01695,0.0252,0.0265,7.822,2026-03-18T21:13:57Z
lyw,0,0.0104,0.0075,0.00845,3.85,2026-03-18T21:13:57Z
mqa,0,0.029,0.0272,0.02305,11.218000000000002,2026-03-18T21:13:57Z
mru,0,0.01585,0.0165,0.018,6.478,2026-03-18T21:13:57Z
msx,0,0.0053,0.0059,0.00515,2.162,2026-03-18T21:13:57Z
mxx,0,0.04465,0.04575,0.04625,18.012,2026-03-18T21:13:57Z
nds,0,0.00635,0.00445,0.00385,2.288,2026-03-18T21:13:57Z
nyl,0,0.0566,0.0619,0.0672,23.488000000000003,2026-03-18T21:13:57Z
ore,0,0.03055,0.0261,0.02625,11.692,2026-03-18T21:13:57Z
owx,0,0.0119,0.0139,0.0139,5,2026-03-18T21:13:57Z
pnj,0,0.03485,0.03155,0.03435,13.655999999999999,2026-03-18T21:13:57Z
ptp,0,0.01245,0.0093,0.00965,4.616,2026-03-18T21:13:57Z
pzj,0,0.02865,0.03015,0.02725,11.524,2026-03-18T21:13:57Z
ryw,0,0.0068,0.00755,0.00535,2.7219999999999995,2026-03-18T21:13:57Z
spe,0,0.0072,0.0046,0.0052,2.5919999999999996,2026-03-18T21:13:57Z
svi,0,0.01755,0.01575,0.01545,6.791999999999999,2026-03-18T21:13:57Z
tsc,0,0.01985,0.02325,0.02935,8.591999999999999,2026-03-18T21:13:57Z
uur,0,0.0491,0.0574,0.0512,20.388,2026-03-18T21:13:57Z
van,0,0.03255,0.03915,0.0378,13.758000000000001,2026-03-18T21:13:57Z
vxc,0,0.03685,0.0465,0.0412,15.686,2026-03-18T21:13:57Z
vxo,0,0.02515,0.0176,0.0194,9.225999999999999,2026-03-18T21:13:57Z
web,0,0.0251,0.0185,0.0172,9.196,2026-03-18T21:13:57Z
wyn,0,0.02945,0.03215,0.03575,12.248,2026-03-18T21:13:57Z
xux,0,0.01425,0.0132,0.0183,5.7780000000000005,2026-03-18T21:13:57Z
zoo,0,0.0074,0.0063,0.0097,2.964,2026-03-18T21:13:57Z
zuz,0,0.0236,0.02275,0.01855,9.17,2026-03-18T21:13:57Z
ako,0,0.0218,0.02335,0.03045,9.190000000000001,2026-03-18T21:56:47Z
cgt,0,0.0298,0.03445,0.0313,12.352,2026-03-18T21:56:47Z
ctm,0,0.0285,0.01775,0.01735,10.094000000000001,2026-03-18T21:56:47Z
cvt,0,0.03125,0.02765,0.02895,12.12,2026-03-18T21:56:47Z
dca,0,0.09315,0.07095,0.06435,34.332,2026-03-18T21:56:47Z
dxo,0,0.01675,0.0203,0.02275,7.223999999999999,2026-03-18T21:56:47Z
ead,0,0.01365,0.01425,0.01425,5.532,2026-03-18T21:56:47Z
eci,0,0.00875,0.0072,0.00915,3.3920000000000003,2026-03-18T21:56:47Z
fpm,0,0.0109,0.01365,0.0109,4.580000000000001,2026-03-18T21:56:47Z
gjy,0,0.0089,0.0104,0.0113,3.7760000000000007,2026-03-18T21:56:47Z
grs,0,0.0418,0.04035,0.0369,16.407999999999998,2026-03-18T21:56:47Z
guw,0,0.004,0.0041,0.0026,1.552,2026-03-18T21:56:47Z
hhb,0,0.016233333333333336,0.013183333333333335,0.014333333333333335,6.173333333333334,2026-03-18T21:56:47Z
ijc,0,0.0352,0.03295,0.03835,14.026,2026-03-18T21:56:47Z
jbt,0,0.01405,0.0101,0.01025,5.152,2026-03-18T21:56:47Z
jnf,0,0.062433333333333334,0.06883333333333334,0.06843333333333333,25.72533333333333,2026-03-18T21:56:47Z
jvx,0,0.0251,0.0286,0.02795,10.434,2026-03-18T21:56:47Z
jwv,0,0.0218,0.01255,0.0119,7.5840000000000005,2026-03-18T21:56:47Z
kfu,0,0.0711,0.07695,0.0699,28.859999999999996,2026-03-18T21:56:47Z
kqk,0,0.0254,0.03245,0.036,11.147999999999998,2026-03-18T21:56:47Z
lch,0,0.0273,0.0297,0.02915,11.186,2026-03-18T21:56:47Z
mmd,0,0.03655,0.0371,0.0369,14.678,2026-03-18T21:56:47Z
mvm,0,0.0342,0.04715,0.0543,15.52,2026-03-18T21:56:47Z
pfm,0,0.02335,0.03015,0.02945,10.128,2026-03-18T21:56:47Z
psb,0,0.0095,0.00905,0.0095,3.7640000000000002,2026-03-18T21:56:47Z
qfl,0,0.01045,0.01435,0.0154,4.6899999999999995,2026-03-18T21:56:47Z
qxw,0,0.01165,0.01335,0.01525,4.94,2026-03-18T21:56:47Z
qyo,0,0.0339,0.02205,0.0254,12.271999999999998,2026-03-18T21:56:47Z
rft,0,0.0282,0.02085,0.02345,10.501999999999999,2026-03-18T21:56:47Z
sar,0,0.02775,0.0349,0.0334,11.898,2026-03-18T21:56:47Z
swe,0,0.03155,0.03365,0.02835,12.66,2026-03-18T21:56:47Z
tqd,0,0.0078,0.00835,0.00885,3.206,2026-03-18T21:56:47Z
usy,0,0.0163,0.01715,0.01485,6.529999999999999,2026-03-18T21:56:47Z
vmf,0,0.02718333333333333,0.027033333333333333,0.023783333333333333,10.725333333333332,2026-03-18T21:56:47Z
vvp,0,0.0221,0.01645,0.01875,8.254,2026-03-18T21:56:47Z
vyv,0,0.0196,0.02025,0.0162,7.755999999999999,2026-03-18T21:56:47Z
wby,0,0.0048,0.0033,0.00285,1.722,2026-03-18T21:56:47Z
wwl,0,0.011,0.01335,0.0117,4.616,2026-03-18T21:56:47Z
wym,0,0.01005,0.0178,0.01905,4.999999999999999,2026-03-18T21:56:47Z
xbq,0,0.0262,0.024,0.02605,10.298,2026-03-18T21:56:47Z
dmk,0,0.01355,0.01395,0.0134,5.446,2026-03-18T21:58:38Z
erd,0,0.0068,0.0056,0.00565,2.578,2026-03-18T21:58:38Z
fnq,0,0.01325,0.0155,0.0178,5.662000000000001,2026-03-18T21:58:38Z
fqp,0,0.013,0.0137,0.0163,5.388000000000001,2026-03-18T21:58:38Z
fzc,0,0.04045,0.0385,0.03715,15.892000000000001,2026-03-18T21:58:38Z
hju,0,0.02495,0.027133333333333332,0.02563333333333333,10.182,2026-03-18T21:58:38Z
hnk,0,0.0088,0.01015,0.00945,3.654,2026-03-18T21:58:38Z
hyh,0,0.0104,0.012,0.0121,4.356,2026-03-18T21:58:38Z
ikp,0,0.0398,0.0424,0.04175,16.206,2026-03-18T21:58:38Z
isn,0,0.0216,0.0259,0.0256,9.144000000000002,2026-03-18T21:58:38Z
jac,0,0.07235,0.04915,0.04705,26.071999999999996,2026-03-18T21:58:38Z
jnl,0,0.0203,0.0266,0.02845,8.95,2026-03-18T21:58:38Z
jqz,0,0.0307,0.0308,0.0308,12.292000000000002,2026-03-18T21:58:38Z
jwm,0,0.0249,0.0236,0.026950000000000002,9.937999999999999,2026-03-18T21:58:38Z
jxc,0,0.0311,0.0242,0.0241,11.608,2026-03-18T21:58:38Z
kab,0,0.0211,0.02715,0.035,9.48,2026-03-18T21:58:38Z
kzt,0,0.04725,0.05658333333333334,0.053733333333333334,19.906000000000002,2026-03-18T21:58:38Z
lnz,0,0.0164,0.01775,0.01525,6.622000000000002,2026-03-18T21:58:38Z
ltn,0,0.0231,0.0218,0.026,9.251999999999999,2026-03-18T21:58:38Z
mco,0,0.0054,0.0069,0.0057,2.2920000000000003,2026-03-18T21:58:38Z
mkn,0,0.0187,0.0186,0.016,7.364000000000002,2026-03-18T21:58:38Z
mlz,0,0.04635,0.04495,0.03755,18.076,2026-03-18T21:58:38Z
pos,0,0.00615,0.00735,0.0088,2.662,2026-03-18T21:58:38Z
qqw,0,0.0196,0.01455,0.0139,7.208,2026-03-18T21:58:38Z
rej,0,0.0072,0.00725,0.01085,3.03,2026-03-18T21:58:38Z
rwf,0,0.0173,0.01415,0.0168,6.648000000000001,2026-03-18T21:58:38Z
scu,0,0.01185,0.0096,0.01085,4.52,2026-03-18T21:58:38Z
tpi,0,0.0022,0.0044,0.004,1.128,2026-03-18T21:58:38Z
uku,0,0.05235,0.044,0.04255,19.88,2026-03-18T21:58:38Z
umv,0,0.0691,0.06895,0.0606,27.287999999999997,2026-03-18T21:58:38Z
upm,0,0.0519,0.057,0.06345,21.630000000000003,2026-03-18T21:58:38Z
wmx,0,0.01595,0.01955,0.0203,6.841999999999999,2026-03-18T21:58:38Z
woz,0,0.0137,0.00895,0.0109,4.988,2026-03-18T21:58:38Z
wzw,0,0.00675,0.01095,0.01325,3.2960000000000003,2026-03-18T21:58:38Z
xsq,0,0.02805,0.0216,0.0226,10.486,2026-03-18T21:58:38Z
ykh,0,0.06275,0.0716,0.0779,26.414,2026-03-18T21:58:38Z
ysd,0,0.03495,0.03838333333333333,0.03198333333333333,14.136,2026-03-18T21:58:38Z
ysg,0,0.0185,0.02225,0.01875,7.709999999999999,2026-03-18T21:58:38Z
zoh,0,0.01875,0.0162,0.01155,7.008000000000001,2026-03-18T21:58:38Z
zxt,0,0.0127,0.01035,0.00955,4.766,2026-03-18T21:58:38Z
